series,x,y
Series_1,0.012731,-11.260259
Series_1,0.013889,-11.257086
Series_1,0.015046,-11.256547
Series_1,0.016204,-11.256919
Series_1,0.017361,-11.256979
Series_1,0.018518,-11.257150
Series_1,0.019676,-11.256639
Series_1,0.020833,-11.256807
Series_1,0.021991,-11.258114
Series_1,0.023148,-11.257177
Series_1,0.024306,-11.258301
Series_1,0.025463,-11.257897
Series_1,0.026620,-11.255018
Series_1,0.027778,-11.256518
Series_1,0.028935,-11.256208
Series_1,0.030093,-11.259097
Series_1,0.031250,-11.294091
Series_1,0.032407,-11.329085
Series_1,0.033565,-11.364079
Series_1,0.034722,-11.399073
Series_1,0.035880,-11.434066
Series_1,0.037037,-11.469060
Series_1,0.038194,-11.504054
Series_1,0.039352,-11.539048
Series_1,0.040509,-11.574042
Series_1,0.041667,-11.609036
Series_1,0.042824,-11.644029
Series_1,0.043981,-11.679023
Series_1,0.045139,-11.714017
Series_1,0.046296,-11.749011
Series_1,0.047454,-11.784005
Series_1,0.048611,-11.818999
Series_1,0.049768,-11.853992
Series_1,0.050926,-11.888986
Series_1,0.052083,-11.923980
Series_1,0.053241,-11.958974
Series_1,0.054398,-11.993968
Series_1,0.055555,-12.028962
Series_1,0.056713,-12.063955
Series_1,0.057870,-12.098949
Series_1,0.059028,-12.133943
Series_1,0.060185,-12.168937
Series_1,0.061343,-12.203931
Series_1,0.062500,-12.238925
Series_1,0.063657,-12.273918
Series_1,0.064815,-12.308912
Series_1,0.065972,-12.343906
Series_1,0.067130,-12.378900
Series_1,0.068287,-12.413894
Series_1,0.069444,-12.448887
Series_1,0.070602,-12.483881
Series_1,0.071759,-12.518875
Series_1,0.072917,-12.553869
Series_1,0.074074,-12.588863
Series_1,0.075231,-12.623857
Series_1,0.076389,-12.658850
Series_1,0.077546,-12.693844
Series_1,0.078704,-12.728838
Series_1,0.079861,-12.763832
Series_1,0.081018,-12.798826
Series_1,0.082176,-12.833820
Series_1,0.083333,-12.868813
Series_1,0.084491,-12.903807
Series_1,0.085648,-12.938801
Series_1,0.086805,-12.973795
Series_1,0.087963,-13.008789
Series_1,0.089120,-13.043783
Series_1,0.090278,-13.078776
Series_1,0.091435,-13.113770
Series_1,0.092592,-13.148764
Series_1,0.093750,-13.183758
Series_1,0.094907,-13.218752
Series_1,0.096065,-13.253746
Series_1,0.097222,-13.288739
Series_1,0.098380,-13.323733
Series_1,0.099537,-13.358727
Series_1,0.100694,-13.393721
Series_1,0.101852,-13.428715
Series_1,0.103009,-13.463709
Series_1,0.104167,-13.498702
Series_1,0.105324,-13.533696
Series_1,0.106481,-13.568690
Series_1,0.107639,-13.603684
Series_1,0.108796,-13.769292
Series_1,0.109954,-13.839875
Series_1,0.111111,-13.910458
Series_1,0.112268,-13.981040
Series_1,0.113426,-14.051623
Series_1,0.114583,-14.122206
Series_1,0.115741,-14.192789
Series_1,0.116898,-14.263372
Series_1,0.118055,-14.333954
Series_1,0.119213,-14.404537
Series_1,0.120370,-14.475120
Series_1,0.121528,-14.545703
Series_1,0.122685,-14.616286
Series_1,0.123842,-14.686868
Series_1,0.125000,-14.757451
Series_1,0.126157,-14.828034
Series_1,0.127315,-14.898617
Series_1,0.128472,-14.969200
Series_1,0.129629,-15.039782
Series_1,0.130787,-15.110365
Series_1,0.131944,-15.180948
Series_1,0.133102,-15.251531
Series_1,0.134259,-15.322114
Series_1,0.135417,-15.392696
Series_1,0.136574,-15.463279
Series_1,0.137731,-15.533862
Series_1,0.138889,-15.604445
Series_1,0.140046,-15.675028
Series_1,0.141204,-15.745610
Series_1,0.142361,-15.816193
Series_1,0.143518,-15.886776
Series_1,0.144676,-15.957359
Series_1,0.145833,-16.027942
Series_1,0.146991,-16.098524
Series_1,0.148148,-16.169107
Series_1,0.149305,-16.239690
Series_1,0.150463,-16.310273
Series_1,0.151620,-16.380856
Series_1,0.152778,-16.451438
Series_1,0.153935,-16.522021
Series_1,0.155092,-16.592604
Series_1,0.156250,-16.663187
Series_1,0.157407,-16.733770
Series_1,0.158565,-16.804353
Series_1,0.159722,-16.862575
Series_1,0.160879,-16.999479
Series_1,0.162037,-17.076529
Series_1,0.163194,-17.083792
Series_1,0.164352,-17.138617
Series_1,0.165509,-17.250064
Series_1,0.166666,-17.299628
Series_1,0.167824,-17.286460
Series_1,0.168981,-17.316167
Series_1,0.170139,-17.448028
Series_1,0.171296,-17.501897
Series_1,0.172453,-17.542520
Series_1,0.173611,-17.623555
Series_1,0.174768,-17.686830
Series_1,0.175926,-17.747432
Series_1,0.177083,-17.859591
Series_1,0.178241,-17.903535
Series_1,0.179398,-17.929905
Series_1,0.180555,-18.008202
Series_1,0.181713,-18.051883
Series_1,0.182870,-18.085632
Series_1,0.184028,-18.154459
Series_1,0.185185,-18.211634
Series_1,0.186342,-18.224002
Series_1,0.187500,-18.264384
Series_1,0.188657,-18.364307
Series_1,0.189815,-18.431014
Series_1,0.190972,-18.486212
Series_1,0.192129,-18.536850
Series_1,0.193287,-18.604618
Series_1,0.194444,-18.675315
Series_1,0.195602,-18.776535
Series_1,0.196759,-18.832060
Series_1,0.197916,-18.885032
Series_1,0.199074,-18.988656
Series_1,0.200231,-19.056992
Series_1,0.201389,-19.083978
Series_1,0.202546,-19.187598
Series_1,0.203703,-19.243974
Series_1,0.204861,-19.305253
Series_1,0.206018,-19.354529
Series_1,0.207176,-19.478118
Series_1,0.208333,-19.545259
Series_1,0.209490,-19.620272
Series_1,0.210648,-19.691307
Series_1,0.211805,-19.759330
Series_1,0.212963,-19.797505
Series_1,0.214120,-19.902057
Series_1,0.215278,-19.963729
Series_1,0.216435,-20.019471
Series_1,0.217592,-20.098808
Series_1,0.218750,-20.160665
Series_1,0.219907,-20.196228
Series_1,0.221065,-20.264714
Series_1,0.222222,-20.316652
Series_1,0.223379,-20.365885
Series_1,0.224537,-20.415118
Series_1,0.225694,-20.464351
Series_1,0.226852,-20.513585
Series_1,0.228009,-20.562818
Series_1,0.229166,-20.612051
Series_1,0.230324,-20.661284
Series_1,0.231481,-20.710517
Series_1,0.232639,-20.759750
Series_1,0.233796,-20.808983
Series_1,0.234953,-20.858217
Series_1,0.236111,-20.907450
Series_1,0.237268,-20.956683
Series_1,0.238426,-21.005916
Series_1,0.239583,-21.055149
Series_1,0.240740,-21.104382
Series_1,0.241898,-21.153616
Series_1,0.243055,-21.202849
Series_1,0.244213,-21.252082
Series_1,0.245370,-21.301315
Series_1,0.246527,-21.350548
Series_1,0.247685,-21.399781
Series_1,0.248842,-21.449014
Series_1,0.250000,-21.498248
Series_1,0.251157,-21.547481
Series_1,0.252315,-21.596714
Series_1,0.253472,-21.645947
Series_1,0.254629,-21.695180
Series_1,0.255787,-21.744413
Series_1,0.256944,-21.793646
Series_1,0.258102,-21.842880
Series_1,0.259259,-21.892113
Series_1,0.260416,-21.941346
Series_1,0.261574,-21.990579
Series_1,0.262731,-22.039812
Series_1,0.263889,-22.089045
Series_1,0.265046,-22.138279
Series_1,0.266203,-22.187512
Series_1,0.267361,-22.236745
Series_1,0.268518,-22.285978
Series_1,0.269676,-22.335211
Series_1,0.270833,-22.384444
Series_1,0.271990,-22.433677
Series_1,0.273148,-22.482911
Series_1,0.274305,-22.532144
Series_1,0.275463,-22.581377
Series_1,0.276620,-22.630610
Series_1,0.277777,-22.679843
Series_1,0.278935,-22.729076
Series_1,0.280092,-22.778309
Series_1,0.281250,-22.827543
Series_1,0.282407,-22.876776
Series_1,0.283564,-22.926009
Series_1,0.284722,-22.975242
Series_1,0.285879,-23.024475
Series_1,0.287037,-23.073708
Series_1,0.288194,-23.122942
Series_1,0.289352,-23.172175
Series_1,0.290509,-23.221408
Series_1,0.291666,-23.270641
Series_1,0.292824,-23.319874
Series_1,0.293981,-23.369107
Series_1,0.295139,-23.418340
Series_1,0.296296,-23.467574
Series_1,0.297453,-23.516807
Series_1,0.298611,-23.579803
Series_1,0.299768,-23.637320
Series_1,0.300926,-23.719578
Series_1,0.302083,-23.790518
Series_1,0.303240,-23.845120
Series_1,0.304398,-23.932204
Series_1,0.305555,-24.009617
Series_1,0.306713,-24.076400
Series_1,0.307870,-24.158397
Series_1,0.309027,-24.236589
Series_1,0.310185,-24.263744
Series_1,0.311342,-24.311785
Series_1,0.312500,-24.374651
Series_1,0.313657,-24.423917
Series_1,0.314814,-24.462689
Series_1,0.315972,-24.535652
Series_1,0.317129,-24.643596
Series_1,0.318287,-24.659406
Series_1,0.319444,-24.714496
Series_1,0.320601,-24.762420
Series_1,0.321759,-24.791852
Series_1,0.322916,-24.839882
Series_1,0.324074,-24.895423
Series_1,0.325231,-24.934242
Series_1,0.326388,-24.967363
Series_1,0.327546,-25.018476
Series_1,0.328703,-25.051491
Series_1,0.329861,-25.065283
Series_1,0.331018,-25.130005
Series_1,0.332176,-25.181900
Series_1,0.333333,-25.224806
Series_1,0.334490,-25.267713
Series_1,0.335648,-25.310620
Series_1,0.336805,-25.353527
Series_1,0.337963,-25.396434
Series_1,0.339120,-25.439340
Series_1,0.340277,-25.482247
Series_1,0.341435,-25.525154
Series_1,0.342592,-25.568061
Series_1,0.343750,-25.610967
Series_1,0.344907,-25.653874
Series_1,0.346064,-25.696781
Series_1,0.347222,-25.739688
Series_1,0.348379,-25.782595
Series_1,0.349537,-25.825501
Series_1,0.350694,-25.868408
Series_1,0.351851,-25.911315
Series_1,0.353009,-25.954222
Series_1,0.354166,-25.997129
Series_1,0.355324,-26.040035
Series_1,0.356481,-26.082942
Series_1,0.357638,-26.125849
Series_1,0.358796,-26.168756
Series_1,0.359953,-26.211662
Series_1,0.361111,-26.254569
Series_1,0.362268,-26.297476
Series_1,0.363425,-26.340383
Series_1,0.364583,-26.383290
Series_1,0.365740,-26.426196
Series_1,0.366898,-26.469103
Series_1,0.368055,-26.512010
Series_1,0.369213,-26.554917
Series_1,0.370370,-26.597824
Series_1,0.371527,-26.640730
Series_1,0.372685,-26.683637
Series_1,0.373842,-26.726544
Series_1,0.375000,-26.769451
Series_1,0.376157,-26.812357
Series_1,0.377314,-26.855264
Series_1,0.378472,-26.898171
Series_1,0.379629,-26.941078
Series_1,0.380787,-26.983985
Series_1,0.381944,-27.026891
Series_1,0.383101,-27.069798
Series_1,0.384259,-27.112705
Series_1,0.385416,-27.155612
Series_1,0.386574,-27.198518
Series_1,0.387731,-27.241425
Series_1,0.388888,-27.284332
Series_1,0.390046,-27.327239
Series_1,0.391203,-27.370146
Series_1,0.392361,-27.413052
Series_1,0.393518,-27.455959
Series_1,0.394675,-27.498866
Series_1,0.395833,-27.541773
Series_1,0.396990,-27.584680
Series_1,0.398148,-27.627586
Series_1,0.399305,-27.670493
Series_1,0.400462,-27.713400
Series_1,0.401620,-27.756307
Series_1,0.402777,-27.799213
Series_1,0.403935,-27.842120
Series_1,0.405092,-27.885027
Series_1,0.406250,-27.927934
Series_1,0.407407,-27.970841
Series_1,0.408564,-28.013747
Series_1,0.409722,-28.056654
Series_1,0.410879,-28.150783
Series_1,0.412037,-28.187257
Series_1,0.413194,-28.209521
Series_1,0.414351,-28.271342
Series_1,0.415509,-28.275152
Series_1,0.416666,-28.279614
Series_1,0.417824,-28.361850
Series_1,0.418981,-28.393611
Series_1,0.420138,-28.413797
Series_1,0.421296,-28.450019
Series_1,0.422453,-28.460837
Series_1,0.423611,-28.485730
Series_1,0.424768,-28.533361
Series_1,0.425925,-28.551962
Series_1,0.427083,-28.541218
Series_1,0.428240,-28.561630
Series_1,0.429398,-28.634639
Series_1,0.430555,-28.674893
Series_1,0.431712,-28.680827
Series_1,0.432870,-28.709302
Series_1,0.434027,-28.753099
Series_1,0.435185,-28.791390
Series_1,0.436342,-28.866759
Series_1,0.437499,-28.905161
Series_1,0.438657,-28.939495
Series_1,0.439814,-29.013206
Series_1,0.440972,-29.051157
Series_1,0.442129,-29.090739
Series_1,0.443287,-29.193597
Series_1,0.444444,-29.230044
Series_1,0.445601,-29.215236
Series_1,0.446759,-29.238578
Series_1,0.447916,-29.333826
Series_1,0.449074,-29.367018
Series_1,0.450231,-29.373444
Series_1,0.451388,-29.409114
Series_1,0.452546,-29.468293
Series_1,0.453703,-29.479876
Series_1,0.454861,-29.538508
Series_1,0.456018,-29.595599
Series_1,0.457175,-29.619580
Series_1,0.458333,-29.719037
Series_1,0.459490,-29.727607
Series_1,0.460648,-29.734421
Series_1,0.461805,-29.782482
Series_1,0.462962,-29.811751
Series_1,0.464120,-29.810366
Series_1,0.465277,-29.807180
Series_1,0.466435,-29.873289
Series_1,0.467592,-29.901260
Series_1,0.468749,-29.918041
Series_1,0.469907,-29.943690
Series_1,0.471064,-29.997852
Series_1,0.472222,-30.021481
Series_1,0.473379,-30.069652
Series_1,0.474536,-30.101723
Series_1,0.475694,-30.101198
Series_1,0.476851,-30.153866
Series_1,0.478009,-30.200429
Series_1,0.479166,-30.209779
Series_1,0.480323,-30.242683
Series_1,0.481481,-30.261400
Series_1,0.482638,-30.290427
Series_1,0.483796,-30.301388
Series_1,0.484953,-30.348734
Series_1,0.486111,-30.401302
Series_1,0.487268,-30.436755
Series_1,0.488425,-30.474965
Series_1,0.489583,-30.548138
Series_1,0.490740,-30.583488
Series_1,0.491898,-30.627234
Series_1,0.493055,-30.658904
Series_1,0.494212,-30.665062
Series_1,0.495370,-30.701237
Series_1,0.496527,-30.770561
Series_1,0.497685,-30.785164
Series_1,0.498842,-30.793864
Series_1,0.499999,-30.822771
Series_1,0.501157,-30.860471
Series_1,0.502314,-30.864238
Series_1,0.503472,-30.909058
Series_1,0.504629,-30.963125
Series_1,0.505786,-30.981577
Series_1,0.506944,-31.007052
Series_1,0.508101,-31.056143
Series_1,0.509259,-31.072207
Series_1,0.510416,-31.087489
Series_1,0.511573,-31.131684
Series_1,0.512731,-31.150263
Series_1,0.513888,-31.170004
Series_1,0.515046,-31.215608
Series_1,0.516203,-31.242917
Series_1,0.517360,-31.237752
Series_1,0.518518,-31.273207
Series_1,0.519675,-31.319473
Series_1,0.520833,-31.325121
Series_1,0.521990,-31.329928
Series_1,0.523148,-31.359376
Series_1,0.524305,-31.388824
Series_1,0.525462,-31.418273
Series_1,0.526620,-31.447721
Series_1,0.527777,-31.477169
Series_1,0.528935,-31.506617
Series_1,0.530092,-31.536065
Series_1,0.531249,-31.565514
Series_1,0.532407,-31.594962
Series_1,0.533564,-31.624410
Series_1,0.534722,-31.653858
Series_1,0.535879,-31.683306
Series_1,0.537036,-31.712755
Series_1,0.538194,-31.742203
Series_1,0.539351,-31.771651
Series_1,0.540509,-31.801099
Series_1,0.541666,-31.830548
Series_1,0.542823,-31.859996
Series_1,0.543981,-31.889444
Series_1,0.545138,-31.918892
Series_1,0.546296,-31.948340
Series_1,0.547453,-31.977789
Series_1,0.548610,-32.007237
Series_1,0.549768,-32.036685
Series_1,0.550925,-32.066133
Series_1,0.552083,-32.095582
Series_1,0.553240,-32.125030
Series_1,0.554397,-32.154478
Series_1,0.555555,-32.183926
Series_1,0.556712,-32.213374
Series_1,0.557870,-32.242823
Series_1,0.559027,-32.272271
Series_1,0.560185,-32.301719
Series_1,0.561342,-32.331167
Series_1,0.562499,-32.360616
Series_1,0.563657,-32.390064
Series_1,0.564814,-32.419512
Series_1,0.565972,-32.448960
Series_1,0.567129,-32.478408
Series_1,0.568286,-32.507857
Series_1,0.569444,-32.537305
Series_1,0.570601,-32.566753
Series_1,0.571759,-32.596201
Series_1,0.572916,-32.625650
Series_1,0.574073,-32.655098
Series_1,0.575231,-32.684546
Series_1,0.576388,-32.713994
Series_1,0.577546,-32.743442
Series_1,0.578703,-32.772891
Series_1,0.579860,-32.802339
Series_1,0.581018,-32.831787
Series_1,0.582175,-32.861235
Series_1,0.583333,-32.890684
Series_1,0.584490,-32.920132
Series_1,0.585647,-32.949580
Series_1,0.586805,-32.979028
Series_1,0.587962,-33.008476
Series_1,0.589120,-33.037925
Series_1,0.590277,-33.067373
Series_1,0.591434,-33.096821
Series_1,0.592592,-33.126269
Series_1,0.593749,-33.155718
Series_1,0.594907,-33.209388
Series_1,0.596064,-33.239019
Series_1,0.597222,-33.256614
Series_1,0.598379,-33.302118
Series_1,0.599536,-33.316946
Series_1,0.600694,-33.335341
Series_1,0.601851,-33.379586
Series_1,0.603009,-33.372139
Series_1,0.604166,-33.373878
Series_1,0.605323,-33.418917
Series_1,0.606481,-33.435426
Series_1,0.607638,-33.436200
Series_1,0.608796,-33.461578
Series_1,0.609953,-33.482220
Series_1,0.611110,-33.493224
Series_1,0.612268,-33.506540
Series_1,0.613425,-33.546142
Series_1,0.614583,-33.587757
Series_1,0.615740,-33.611104
Series_1,0.616897,-33.653082
Series_1,0.618055,-33.686680
Series_1,0.619212,-33.706038
Series_1,0.620370,-33.758019
Series_1,0.621527,-33.777290
Series_1,0.622684,-33.781850
Series_1,0.623842,-33.823900
Series_1,0.624999,-33.848642
Series_1,0.626157,-33.858951
Series_1,0.627314,-33.877101
Series_1,0.628471,-33.905186
Series_1,0.629629,-33.891866
Series_1,0.630786,-33.899873
Series_1,0.631944,-33.932407
Series_1,0.633101,-33.951342
Series_1,0.634258,-33.961612
Series_1,0.635416,-33.999745
Series_1,0.636573,-34.023390
Series_1,0.637731,-34.015049
Series_1,0.638888,-34.041492
Series_1,0.640046,-34.090571
Series_1,0.641203,-34.099856
Series_1,0.642360,-34.148490
Series_1,0.643518,-34.175923
Series_1,0.644675,-34.188812
Series_1,0.645833,-34.216172
Series_1,0.646990,-34.247392
Series_1,0.648147,-34.234579
Series_1,0.649305,-34.236720
Series_1,0.650462,-34.260801
Series_1,0.651620,-34.292248
Series_1,0.652777,-34.304616
Series_1,0.653934,-34.311062
Series_1,0.655092,-34.337661
Series_1,0.656249,-34.348619
Series_1,0.657407,-34.384851
Series_1,0.658564,-34.466323
Series_1,0.659721,-34.479095
Series_1,0.660879,-34.513787
Series_1,0.662036,-34.562017
Series_1,0.663194,-34.568224
Series_1,0.664351,-34.599000
Series_1,0.665508,-34.670883
Series_1,0.666666,-34.682978
Series_1,0.667823,-34.638896
Series_1,0.668981,-34.660420
Series_1,0.670138,-34.747845
Series_1,0.671295,-34.771690
Series_1,0.672453,-34.776107
Series_1,0.673610,-34.784265
Series_1,0.674768,-34.808843
Series_1,0.675925,-34.830645
Series_1,0.677083,-34.867638
Series_1,0.678240,-34.889064
Series_1,0.679397,-34.924335
Series_1,0.680555,-34.971099
Series_1,0.681712,-34.969104
Series_1,0.682870,-34.985732
Series_1,0.684027,-35.032813
Series_1,0.685184,-35.055730
Series_1,0.686342,-35.046512
Series_1,0.687499,-35.042181
Series_1,0.688657,-35.060507
Series_1,0.689814,-35.078833
Series_1,0.690971,-35.097158
Series_1,0.692129,-35.115484
Series_1,0.693286,-35.133810
Series_1,0.694444,-35.152135
Series_1,0.695601,-35.170461
Series_1,0.696758,-35.188787
Series_1,0.697916,-35.207112
Series_1,0.699073,-35.225438
Series_1,0.700231,-35.243764
Series_1,0.701388,-35.262089
Series_1,0.702545,-35.280415
Series_1,0.703703,-35.298741
Series_1,0.704860,-35.317066
Series_1,0.706018,-35.335392
Series_1,0.707175,-35.353718
Series_1,0.708332,-35.372043
Series_1,0.709490,-35.390369
Series_1,0.710647,-35.408695
Series_1,0.711805,-35.427020
Series_1,0.712962,-35.445346
Series_1,0.714120,-35.463672
Series_1,0.715277,-35.481997
Series_1,0.716434,-35.500323
Series_1,0.717592,-35.518649
Series_1,0.718749,-35.536974
Series_1,0.719907,-35.555300
Series_1,0.721064,-35.573626
Series_1,0.722221,-35.591951
Series_1,0.723379,-35.610277
Series_1,0.724536,-35.628603
Series_1,0.725694,-35.646928
Series_1,0.726851,-35.665254
Series_1,0.728008,-35.683580
Series_1,0.729166,-35.701905
Series_1,0.730323,-35.720231
Series_1,0.731481,-35.738557
Series_1,0.732638,-35.756882
Series_1,0.733795,-35.775208
Series_1,0.734953,-35.793534
Series_1,0.736110,-35.811859
Series_1,0.737268,-35.830185
Series_1,0.738425,-35.848511
Series_1,0.739582,-35.866836
Series_1,0.740740,-35.885162
Series_1,0.741897,-35.903488
Series_1,0.743055,-35.921813
Series_1,0.744212,-35.940139
Series_1,0.745369,-35.958465
Series_1,0.746527,-35.976790
Series_1,0.747684,-35.995116
Series_1,0.748842,-36.013442
Series_1,0.749999,-36.031767
Series_1,0.751157,-36.050093
Series_1,0.752314,-36.068419
Series_1,0.753471,-36.086744
Series_1,0.754629,-36.105070
Series_1,0.755786,-36.123396
Series_1,0.756944,-36.141721
Series_1,0.758101,-36.160047
Series_1,0.759258,-36.178373
Series_1,0.760416,-36.196698
Series_1,0.761573,-36.215024
Series_1,0.762731,-36.223506
Series_1,0.763888,-36.245787
Series_1,0.765045,-36.267212
Series_1,0.766203,-36.292645
Series_1,0.767360,-36.318202
Series_1,0.768518,-36.337524
Series_1,0.769675,-36.341284
Series_1,0.770832,-36.371172
Series_1,0.771990,-36.393776
Series_1,0.773147,-36.413239
Series_1,0.774305,-36.469366
Series_1,0.775462,-36.488115
Series_1,0.776619,-36.468738
Series_1,0.777777,-36.487284
Series_1,0.778934,-36.524487
Series_1,0.780092,-36.522431
Series_1,0.781249,-36.521604
Series_1,0.782406,-36.565787
Series_1,0.783564,-36.586183
Series_1,0.784721,-36.606735
Series_1,0.785879,-36.638611
Series_1,0.787036,-36.661959
Series_1,0.788193,-36.679197
Series_1,0.789351,-36.717726
Series_1,0.790508,-36.728943
Series_1,0.791666,-36.733885
Series_1,0.792823,-36.771762
Series_1,0.793981,-36.788719
Series_1,0.795138,-36.794282
Series_1,0.796295,-36.806602
Series_1,0.797453,-36.820841
Series_1,0.798610,-36.830646
Series_1,0.799768,-36.813079
Series_1,0.800925,-36.825680
Series_1,0.802082,-36.852675
Series_1,0.803240,-36.865670
Series_1,0.804397,-36.892433
Series_1,0.805555,-36.913978
Series_1,0.806712,-36.915050
Series_1,0.807869,-36.975884
Series_1,0.809027,-36.986218
Series_1,0.810184,-36.991773
Series_1,0.811342,-37.017522
Series_1,0.812499,-37.028208
Series_1,0.813656,-37.033863
Series_1,0.814814,-37.043128
Series_1,0.815971,-37.072344
Series_1,0.817129,-37.098287
Series_1,0.818286,-37.103089
Series_1,0.819443,-37.116096
Series_1,0.820601,-37.145978
Series_1,0.821758,-37.148736
Series_1,0.822916,-37.163466
Series_1,0.824073,-37.175416
Series_1,0.825230,-37.174561
Series_1,0.826388,-37.181290
Series_1,0.827545,-37.187889
Series_1,0.828703,-37.195831
Series_1,0.829860,-37.205316
Series_1,0.831018,-37.223479
Series_1,0.832175,-37.242179
Series_1,0.833332,-37.245257
Series_1,0.834490,-37.255709
Series_1,0.835647,-37.325793
Series_1,0.836805,-37.318638
Series_1,0.837962,-37.341463
Series_1,0.839119,-37.431681
Series_1,0.840277,-37.437123
Series_1,0.841434,-37.453801
Series_1,0.842592,-37.489108
Series_1,0.843749,-37.506866
Series_1,0.844906,-37.512718
Series_1,0.846064,-37.521123
Series_1,0.847221,-37.524169
Series_1,0.848379,-37.530192
Series_1,0.849536,-37.536209
Series_1,0.850693,-37.541260
Series_1,0.851851,-37.538559
Series_1,0.853008,-37.531233
Series_1,0.854166,-37.560900
Series_1,0.855323,-37.581263
Series_1,0.856480,-37.585476
Series_1,0.857638,-37.613729
Series_1,0.858795,-37.643461
Series_1,0.859953,-37.645744
Series_1,0.861110,-37.675730
Series_1,0.862267,-37.715416
Series_1,0.863425,-37.729685
Series_1,0.864582,-37.746328
Series_1,0.865740,-37.770479
Series_1,0.866897,-37.774309
Series_1,0.868055,-37.794506
Series_1,0.869212,-37.815764
Series_1,0.870369,-37.819818
Series_1,0.871527,-37.825595
Series_1,0.872684,-37.833806
Series_1,0.873842,-37.835983
Series_1,0.874999,-37.836778
Series_1,0.876156,-37.848496
Series_1,0.877314,-37.869528
Series_1,0.878471,-37.881337
Series_1,0.879629,-37.903313
Series_1,0.880786,-37.919439
Series_1,0.881943,-37.923419
Series_1,0.883101,-37.930560
Series_1,0.884258,-37.938286
Series_1,0.885416,-37.941364
Series_1,0.886573,-37.965592
Series_1,0.887730,-37.983998
Series_1,0.888888,-37.997172
Series_1,0.890045,-38.010346
Series_1,0.891203,-38.023519
Series_1,0.892360,-38.036693
Series_1,0.893517,-38.049867
Series_1,0.894675,-38.063041
Series_1,0.895832,-38.076214
Series_1,0.896990,-38.089388
Series_1,0.898147,-38.102562
Series_1,0.899304,-38.115736
Series_1,0.900462,-38.128909
Series_1,0.901619,-38.142083
Series_1,0.902777,-38.155257
Series_1,0.903934,-38.168431
Series_1,0.905092,-38.181604
Series_1,0.906249,-38.194778
Series_1,0.907406,-38.207952
Series_1,0.908564,-38.221126
Series_1,0.909721,-38.234299
Series_1,0.910879,-38.247473
Series_1,0.912036,-38.260647
Series_1,0.913193,-38.273821
Series_1,0.914351,-38.286994
Series_1,0.915508,-38.300168
Series_1,0.916666,-38.313342
Series_1,0.917823,-38.326516
Series_1,0.918980,-38.339689
Series_1,0.920138,-38.352863
Series_1,0.921295,-38.366037
Series_1,0.922453,-38.379211
Series_1,0.923610,-38.392384
Series_1,0.924767,-38.405558
Series_1,0.925925,-38.418732
Series_1,0.927082,-38.431906
Series_1,0.928240,-38.445079
Series_1,0.929397,-38.458253
Series_1,0.930554,-38.471427
Series_1,0.931712,-38.484600
Series_1,0.932869,-38.497774
Series_1,0.934027,-38.510948
Series_1,0.935184,-38.524122
Series_1,0.936341,-38.537295
Series_1,0.937499,-38.550469
Series_1,0.938656,-38.563643
Series_1,0.939814,-38.576817
Series_1,0.940971,-38.589990
Series_1,0.942128,-38.603164
Series_1,0.943286,-38.616338
Series_1,0.944443,-38.629512
Series_1,0.945601,-38.642685
Series_1,0.946758,-38.655859
Series_1,0.947916,-38.669033
Series_1,0.949073,-38.682207
Series_1,0.950230,-38.695380
Series_1,0.951388,-38.708554
Series_1,0.952545,-38.721728
Series_1,0.953703,-38.734902
Series_1,0.954860,-38.748075
Series_1,0.956017,-38.761249
Series_1,0.957175,-38.774423
Series_1,0.958332,-38.787597
Series_1,0.959490,-38.800770
Series_1,0.960647,-38.813944
Series_1,0.961804,-38.827118
Series_1,0.962962,-38.831823
Series_1,0.964119,-38.832152
Series_1,0.965277,-38.842849
Series_1,0.966434,-38.852024
Series_1,0.967591,-38.860386
Series_1,0.968749,-38.866146
Series_1,0.969906,-38.877300
Series_1,0.971064,-38.881523
Series_1,0.972221,-38.886877
Series_1,0.973378,-38.890606
Series_1,0.974536,-38.899839
Series_1,0.975693,-38.915226
Series_1,0.976851,-38.926390
Series_1,0.978008,-38.939908
Series_1,0.979165,-38.948610
Series_1,0.980323,-38.956466
Series_1,0.981480,-38.965798
Series_1,0.982638,-38.968067
Series_1,0.983795,-38.969989
Series_1,0.984953,-38.973024
Series_1,0.986110,-38.977788
Series_1,0.987267,-38.987502
Series_1,0.988425,-38.993153
Series_1,0.989582,-39.011827
Series_1,0.990740,-39.024019
Series_1,0.991897,-39.034260
Series_1,0.993054,-39.043498
Series_1,0.994212,-39.048328
Series_1,0.995369,-39.064372
Series_1,0.996527,-39.080418
Series_1,0.997684,-39.084830
Series_1,0.998841,-39.101901
Series_1,0.999999,-39.120679
Series_1,1.001156,-39.132176
Series_1,1.002314,-39.136113
Series_1,1.003471,-39.144187
Series_1,1.004628,-39.149980
Series_1,1.005786,-39.152869
Series_1,1.006943,-39.157283
Series_1,1.008101,-39.167807
Series_1,1.009258,-39.175821
Series_1,1.010415,-39.185631
Series_1,1.011573,-39.198045
Series_1,1.012730,-39.214552
Series_1,1.013888,-39.225062
Series_1,1.015045,-39.233790
Series_1,1.016202,-39.243282
Series_1,1.017360,-39.249611
Series_1,1.018517,-39.256855
Series_1,1.019675,-39.265215
Series_1,1.020832,-39.272553
Series_1,1.021990,-39.285218
Series_1,1.023147,-39.295172
Series_1,1.024304,-39.298744
Series_1,1.025462,-39.305447
Series_1,1.026619,-39.314257
Series_1,1.027777,-39.325569
Series_1,1.028934,-39.330026
Series_1,1.030091,-39.341745
Series_1,1.031249,-39.342852
Series_1,1.032406,-39.358586
Series_1,1.033564,-39.378226
Series_1,1.034721,-39.389580
Series_1,1.035878,-39.405360
Series_1,1.037036,-39.414460
Series_1,1.038193,-39.423658
Series_1,1.039351,-39.428902
Series_1,1.040508,-39.434879
Series_1,1.041665,-39.454825
Series_1,1.042823,-39.473649
Series_1,1.043980,-39.489532
Series_1,1.045138,-39.528608
Series_1,1.046295,-39.559136
Series_1,1.047452,-39.563599
Series_1,1.048610,-39.579634
Series_1,1.049767,-39.594832
Series_1,1.050925,-39.606033
Series_1,1.052082,-39.616487
Series_1,1.053239,-39.625263
Series_1,1.054397,-39.632677
Series_1,1.055554,-39.644227
Series_1,1.056712,-39.649581
Series_1,1.057869,-39.652788
Series_1,1.059027,-39.658665
Series_1,1.060184,-39.665629
Series_1,1.061341,-39.673217
Series_1,1.062499,-39.679824
Series_1,1.063656,-39.691419
Series_1,1.064814,-39.698894
Series_1,1.065971,-39.707870
Series_1,1.067128,-39.716291
Series_1,1.068286,-39.726701
Series_1,1.069443,-39.737188
Series_1,1.070601,-39.744913
Series_1,1.071758,-39.751649
Series_1,1.072915,-39.761365
Series_1,1.074073,-39.774011
Series_1,1.075230,-39.785872
Series_1,1.076388,-39.792619
Series_1,1.077545,-39.793048
Series_1,1.078702,-39.795273
Series_1,1.079860,-39.811160
Series_1,1.081017,-39.821628
Series_1,1.082175,-39.829804
Series_1,1.083332,-39.835760
Series_1,1.084489,-39.839956
Series_1,1.085647,-39.846572
Series_1,1.086804,-39.859496
Series_1,1.087962,-39.860984
Series_1,1.089119,-39.859470
Series_1,1.090276,-39.862777
Series_1,1.091434,-39.880672
Series_1,1.092591,-39.888923
Series_1,1.093749,-39.858641
Series_1,1.094906,-39.852866
Series_1,1.096063,-39.852432
Series_1,1.097221,-39.856937
Series_1,1.098378,-39.865921
Series_1,1.099536,-39.872979
Series_1,1.100693,-39.874585
Series_1,1.101851,-39.884795
Series_1,1.103008,-39.900348
Series_1,1.104165,-39.914930
Series_1,1.105323,-39.959683
Series_1,1.106480,-39.978149
Series_1,1.107638,-39.958458
Series_1,1.108795,-39.983562
Series_1,1.109952,-40.010301
Series_1,1.111110,-40.023271
Series_1,1.112267,-40.037668
Series_1,1.113425,-40.044967
Series_1,1.114582,-40.053749
Series_1,1.115739,-40.058413
Series_1,1.116897,-40.066601
Series_1,1.118054,-40.091414
Series_1,1.119212,-40.092337
Series_1,1.120369,-40.098955
Series_1,1.121526,-40.110844
Series_1,1.122684,-40.122333
Series_1,1.123841,-40.136770
Series_1,1.124999,-40.146088
Series_1,1.126156,-40.151681
Series_1,1.127313,-40.161207
Series_1,1.128471,-40.165802
Series_1,1.129628,-40.173136
Series_1,1.130786,-40.180314
Series_1,1.131943,-40.185504
Series_1,1.133100,-40.191478
Series_1,1.134258,-40.202019
Series_1,1.135415,-40.214403
Series_1,1.136573,-40.226891
Series_1,1.137730,-40.237455
Series_1,1.138888,-40.250863
Series_1,1.140045,-40.262075
Series_1,1.141202,-40.270404
Series_1,1.142360,-40.277780
Series_1,1.143517,-40.292594
Series_1,1.144675,-40.300572
Series_1,1.145832,-40.307220
Series_1,1.146989,-40.319433
Series_1,1.148147,-40.325447
Series_1,1.149304,-40.328116
Series_1,1.150462,-40.327080
Series_1,1.151619,-40.321364
Series_1,1.152776,-40.319132
Series_1,1.153934,-40.318186
Series_1,1.155091,-40.318462
Series_1,1.156249,-40.322248
Series_1,1.157406,-40.323741
Series_1,1.158563,-40.320869
Series_1,1.159721,-40.323099
Series_1,1.160878,-40.332032
Series_1,1.162036,-40.345852
Series_1,1.163193,-40.357744
Series_1,1.164350,-40.374859
Series_1,1.165508,-40.389059
Series_1,1.166665,-40.397491
Series_1,1.167823,-40.396089
Series_1,1.168980,-40.401992
Series_1,1.170137,-40.418442
Series_1,1.171295,-40.423283
Series_1,1.172452,-40.430811
Series_1,1.173610,-39.672150
Series_1,1.174767,-39.672200
Series_1,1.175925,-39.692798
Series_1,1.177082,-39.713397
Series_1,1.178239,-39.733996
Series_1,1.179397,-39.754595
Series_1,1.180554,-39.775193
Series_1,1.181712,-39.795792
Series_1,1.182869,-39.816391
Series_1,1.184026,-39.836990
Series_1,1.185184,-39.857588
Series_1,1.186341,-39.878187
Series_1,1.187499,-39.898786
Series_1,1.188656,-39.919385
Series_1,1.189813,-39.939983
Series_1,1.190971,-39.960582
Series_1,1.192128,-39.981181
Series_1,1.193286,-40.001780
Series_1,1.194443,-40.022378
Series_1,1.195600,-40.042977
Series_1,1.196758,-40.063576
Series_1,1.197915,-40.084175
Series_1,1.199073,-40.104773
Series_1,1.200230,-40.125372
Series_1,1.201387,-40.145971
Series_1,1.202545,-40.166570
Series_1,1.203702,-40.187168
Series_1,1.204860,-40.207767
Series_1,1.206017,-40.228366
Series_1,1.207174,-40.248965
Series_1,1.208332,-40.269563
Series_1,1.209489,-40.290162
Series_1,1.210647,-40.310761
Series_1,1.211804,-40.331360
Series_1,1.212962,-40.351958
Series_1,1.214119,-40.372557
Series_1,1.215276,-40.393156
Series_1,1.216434,-40.413755
Series_1,1.217591,-40.434353
Series_1,1.218749,-40.454952
Series_1,1.219906,-40.475551
Series_1,1.221063,-40.496150
Series_1,1.222221,-40.516748
Series_1,1.223378,-40.537347
Series_1,1.224536,-40.557946
Series_1,1.225693,-40.578545
Series_1,1.226850,-40.599143
Series_1,1.228008,-40.619742
Series_1,1.229165,-40.640341
Series_1,1.230323,-40.660940
Series_1,1.231480,-40.681538
Series_1,1.232637,-40.702137
Series_1,1.233795,-40.722736
Series_1,1.234952,-40.743335
Series_1,1.236110,-40.763933
Series_1,1.237267,-40.784532
Series_1,1.238424,-40.794528
Series_1,1.239582,-40.802592
Series_1,1.240739,-40.833579
Series_1,1.241897,-40.821582
Series_1,1.243054,-40.825921
Series_1,1.244211,-40.841067
Series_1,1.245369,-40.854222
Series_1,1.246526,-40.861096
Series_1,1.247684,-40.869050
Series_1,1.248841,-40.888319
Series_1,1.249998,-40.890374
Series_1,1.251156,-40.903013
Series_1,1.252313,-40.919666
Series_1,1.253471,-40.931798
Series_1,1.254628,-40.938371
Series_1,1.255786,-40.944071
Series_1,1.256943,-40.947460
Series_1,1.258100,-40.947871
Series_1,1.259258,-40.950157
Series_1,1.260415,-40.952777
Series_1,1.261573,-40.953985
Series_1,1.262730,-40.956985
Series_1,1.263887,-40.953250
Series_1,1.265045,-40.947904
Series_1,1.266202,-40.948686
Series_1,1.267360,-40.953009
Series_1,1.268517,-40.952733
Series_1,1.269674,-40.957615
Series_1,1.270832,-40.962308
Series_1,1.271989,-40.969758
Series_1,1.273147,-40.977039
Series_1,1.274304,-40.987898
Series_1,1.275461,-40.998683
Series_1,1.276619,-41.002271
Series_1,1.277776,-41.014642
Series_1,1.278934,-41.027704
Series_1,1.280091,-41.025042
Series_1,1.281248,-41.022942
Series_1,1.282406,-41.025652
Series_1,1.283563,-41.034783
Series_1,1.284721,-41.039306
Series_1,1.285878,-41.028960
Series_1,1.287035,-41.026379
Series_1,1.288193,-41.026218
Series_1,1.289350,-41.027579
Series_1,1.290508,-41.034194
Series_1,1.291665,-41.040377
Series_1,1.292823,-41.045388
Series_1,1.293980,-41.050832
Series_1,1.295137,-41.066462
Series_1,1.296295,-41.077285
Series_1,1.297452,-41.091087
Series_1,1.298610,-41.095146
Series_1,1.299767,-41.087766
Series_1,1.300924,-41.101984
Series_1,1.302082,-41.123218
Series_1,1.303239,-41.139413
Series_1,1.304397,-41.148296
Series_1,1.305554,-41.155534
Series_1,1.306711,-41.152969
Series_1,1.307869,-41.151682
Series_1,1.309026,-41.157541
Series_1,1.310184,-41.158508
Series_1,1.311341,-41.158104
Series_1,1.312498,-41.155995
Series_1,1.313656,-41.153979
Series_1,1.314813,-41.152539
Series_1,1.315971,-41.152756
Series_1,1.317128,-41.154111
Series_1,1.318285,-41.157372
Series_1,1.319443,-41.160104
Series_1,1.320600,-41.167148
Series_1,1.321758,-41.175940
Series_1,1.322915,-41.191898
Series_1,1.324072,-41.205907
Series_1,1.325230,-41.215536
Series_1,1.326387,-41.223281
Series_1,1.327545,-41.222956
Series_1,1.328702,-41.226657
Series_1,1.329860,-41.239838
Series_1,1.331017,-41.258031
Series_1,1.332174,-41.261346
Series_1,1.333332,-41.261271
Series_1,1.334489,-41.258436
Series_1,1.335647,-41.257032
Series_1,1.336804,-41.264592
Series_1,1.337961,-41.259966
Series_1,1.339119,-41.247159
Series_1,1.340276,-41.242375
Series_1,1.341434,-41.249725
Series_1,1.342591,-41.258624
Series_1,1.343748,-41.268448
Series_1,1.344906,-41.277015
Series_1,1.346063,-41.289752
Series_1,1.347221,-41.303686
Series_1,1.348378,-41.317360
Series_1,1.349535,-41.322599
Series_1,1.350693,-41.331579
Series_1,1.351850,-41.333732
Series_1,1.353008,-41.347480
Series_1,1.354165,-41.361426
Series_1,1.355322,-41.372983
Series_1,1.356480,-41.372130
Series_1,1.357637,-41.365505
Series_1,1.358795,-41.361059
Series_1,1.359952,-41.360785
Series_1,1.361109,-41.359418
Series_1,1.362267,-41.358099
Series_1,1.363424,-41.356223
Series_1,1.364582,-41.355384
Series_1,1.365739,-41.356527
Series_1,1.366897,-41.363116
Series_1,1.368054,-41.379391
Series_1,1.369211,-41.391571
Series_1,1.370369,-41.399688
Series_1,1.371526,-41.406740
Series_1,1.372684,-41.415417
Series_1,1.373841,-41.420730
Series_1,1.374998,-41.431694
Series_1,1.376156,-41.442686
Series_1,1.377313,-41.458361
Series_1,1.378471,-41.459688
Series_1,1.379628,-41.469984
Series_1,1.380785,-41.478225
Series_1,1.381943,-41.481448
Series_1,1.383100,-41.478962
Series_1,1.384258,-41.478135
Series_1,1.385415,-41.477824
Series_1,1.386572,-41.476824
Series_1,1.387730,-41.469548
Series_1,1.388887,-41.464128
Series_1,1.390045,-41.463909
Series_1,1.391202,-41.471310
Series_1,1.392359,-41.477984
Series_1,1.393517,-41.486104
Series_1,1.394674,-41.489036
Series_1,1.395832,-41.499388
Series_1,1.396989,-41.513631
Series_1,1.398146,-41.524773
Series_1,1.399304,-41.533089
Series_1,1.400461,-41.544626
Series_1,1.401619,-41.561709
Series_1,1.402776,-41.567828
Series_1,1.403933,-41.565982
Series_1,1.405091,-41.563371
Series_1,1.406248,-41.558137
Series_1,1.407406,-41.552185
Series_1,1.408563,-41.556743
Series_1,1.409721,-41.556574
Series_1,1.410878,-41.561909
Series_1,1.412035,-41.564113
Series_1,1.413193,-41.565062
Series_1,1.414350,-41.565540
Series_1,1.415508,-41.564531
Series_1,1.416665,-41.563018
Series_1,1.417822,-41.562789
Series_1,1.418980,-41.563338
Series_1,1.420137,-41.562406
Series_1,1.421295,-41.562584
Series_1,1.422452,-41.562861
Series_1,1.423609,-41.562406
Series_1,1.424767,-41.561942
Series_1,1.425924,-41.561969
Series_1,1.427082,-41.560636
Series_1,1.428239,-41.562589
Series_1,1.429396,-41.573713
Series_1,1.430554,-41.579008
Series_1,1.431711,-41.586664
Series_1,1.432869,-41.596011
Series_1,1.434026,-41.614079
Series_1,1.435183,-41.632119
Series_1,1.436341,-41.660012
Series_1,1.437498,-41.674968
Series_1,1.438656,-41.681336
Series_1,1.439813,-41.686605
Series_1,1.440970,-41.689750
Series_1,1.442128,-41.690172
Series_1,1.443285,-41.691498
Series_1,1.444443,-41.692058
Series_1,1.445600,-41.693915
Series_1,1.446758,-41.692830
Series_1,1.447915,-41.686351
Series_1,1.449072,-41.681798
Series_1,1.450230,-41.680103
Series_1,1.451387,-41.680405
Series_1,1.452545,-41.682452
Series_1,1.453702,-41.683705
Series_1,1.454859,-41.686228
Series_1,1.456017,-41.692239
Series_1,1.457174,-41.696097
Series_1,1.458332,-41.713202
Series_1,1.459489,-41.734213
Series_1,1.460646,-41.742046
Series_1,1.461804,-41.749798
Series_1,1.462961,-41.753497
Series_1,1.464119,-41.757196
Series_1,1.465276,-41.760895
Series_1,1.466433,-41.764594
Series_1,1.467591,-41.768293
Series_1,1.468748,-41.771992
Series_1,1.469906,-41.775691
Series_1,1.471063,-41.779390
Series_1,1.472220,-41.783089
Series_1,1.473378,-41.786787
Series_1,1.474535,-41.790486
Series_1,1.475693,-41.794185
Series_1,1.476850,-41.797884
Series_1,1.478007,-41.801583
Series_1,1.479165,-41.805282
Series_1,1.480322,-41.808981
Series_1,1.481480,-41.812680
Series_1,1.482637,-41.816379
Series_1,1.483795,-41.820078
Series_1,1.484952,-41.823777
Series_1,1.486109,-41.827476
Series_1,1.487267,-41.831175
Series_1,1.488424,-41.834874
Series_1,1.489582,-41.838573
Series_1,1.490739,-41.842272
Series_1,1.491896,-41.845971
Series_1,1.493054,-41.849670
Series_1,1.494211,-41.853369
Series_1,1.495369,-41.857068
Series_1,1.496526,-41.860767
Series_1,1.497683,-41.864465
Series_1,1.498841,-41.868164
Series_1,1.499998,-41.871863
Series_1,1.501156,-41.875562
Series_1,1.502313,-41.879261
Series_1,1.503470,-41.882960
Series_1,1.504628,-41.886659
Series_1,1.505785,-41.890358
Series_1,1.506943,-41.894057
Series_1,1.508100,-41.897756
Series_1,1.509257,-41.901455
Series_1,1.510415,-41.905154
Series_1,1.511572,-41.908853
Series_1,1.512730,-41.912552
Series_1,1.513887,-41.916251
Series_1,1.515044,-41.919950
Series_1,1.516202,-41.923649
Series_1,1.517359,-41.927348
Series_1,1.518517,-41.931047
Series_1,1.519674,-41.934746
Series_1,1.520832,-41.938445
Series_1,1.521989,-41.942144
Series_1,1.523146,-41.945842
Series_1,1.524304,-41.949541
Series_1,1.525461,-41.953240
Series_1,1.526619,-41.956939
Series_1,1.527776,-41.960638
Series_1,1.528933,-41.964337
Series_1,1.530091,-41.968036
Series_1,1.531248,-41.971735
Series_1,1.532406,-41.975434
Series_1,1.533563,-41.979133
Series_1,1.534720,-41.982832
Series_1,1.535878,-41.986531
Series_1,1.537035,-41.990230
Series_1,1.538193,-41.993929
Series_1,1.539350,-41.995162
Series_1,1.540507,-41.991876
Series_1,1.541665,-41.989863
Series_1,1.542822,-41.989446
Series_1,1.543980,-41.988670
Series_1,1.545137,-41.990858
Series_1,1.546294,-41.990416
Series_1,1.547452,-41.990955
Series_1,1.548609,-41.989200
Series_1,1.549767,-41.987679
Series_1,1.550924,-41.986267
Series_1,1.552081,-41.985671
Series_1,1.553239,-41.985983
Series_1,1.554396,-41.986073
Series_1,1.555554,-41.987691
Series_1,1.556711,-41.989988
Series_1,1.557868,-41.992127
Series_1,1.559026,-41.990974
Series_1,1.560183,-41.991131
Series_1,1.561341,-41.993590
Series_1,1.562498,-41.994552
Series_1,1.563656,-41.994204
Series_1,1.564813,-41.996333
Series_1,1.565970,-41.999023
Series_1,1.567128,-42.006771
Series_1,1.568285,-42.022250
Series_1,1.569443,-42.038028
Series_1,1.570600,-42.049229
Series_1,1.571757,-42.059971
Series_1,1.572915,-42.062240
Series_1,1.574072,-42.066845
Series_1,1.575230,-42.077953
Series_1,1.576387,-42.083746
Series_1,1.577544,-42.081205
Series_1,1.578702,-42.080901
Series_1,1.579859,-42.076735
Series_1,1.581017,-42.070882
Series_1,1.582174,-42.071494
Series_1,1.583331,-42.070490
Series_1,1.584489,-42.068646
Series_1,1.585646,-42.067570
Series_1,1.586804,-42.068338
Series_1,1.587961,-42.067858
Series_1,1.589118,-42.068347
Series_1,1.590276,-42.069398
Series_1,1.591433,-42.069198
Series_1,1.592591,-42.068759
Series_1,1.593748,-42.068714
Series_1,1.594905,-42.068871
Series_1,1.596063,-42.071554
Series_1,1.597220,-42.070110
Series_1,1.598378,-42.069864
Series_1,1.599535,-42.068601
Series_1,1.600693,-42.069366
Series_1,1.601850,-42.069092
Series_1,1.603007,-42.069151
Series_1,1.604165,-42.068620
Series_1,1.605322,-42.068789
Series_1,1.606480,-42.070809
Series_1,1.607637,-42.074560
Series_1,1.608794,-42.078281
Series_1,1.609952,-42.081825
Series_1,1.611109,-42.082255
Series_1,1.612267,-42.089792
Series_1,1.613424,-42.094196
Series_1,1.614581,-42.100303
Series_1,1.615739,-42.110268
Series_1,1.616896,-42.129727
Series_1,1.618054,-42.149712
Series_1,1.619211,-42.164225
Series_1,1.620368,-42.173796
Series_1,1.621526,-42.175598
Series_1,1.622683,-42.180696
Series_1,1.623841,-42.221208
Series_1,1.624998,-42.225428
Series_1,1.626155,-42.213962
Series_1,1.627313,-42.195874
Series_1,1.628470,-42.190350
Series_1,1.629628,-42.186006
Series_1,1.630785,-42.186938
Series_1,1.631942,-42.190507
Series_1,1.633100,-42.197959
Series_1,1.634257,-42.198656
Series_1,1.635415,-42.198511
Series_1,1.636572,-42.198104
Series_1,1.637730,-42.195994
Series_1,1.638887,-42.196208
Series_1,1.640044,-42.194879
Series_1,1.641202,-42.194297
Series_1,1.642359,-42.195512
Series_1,1.643517,-42.195968
Series_1,1.644674,-42.194504
Series_1,1.645831,-42.194504
Series_1,1.646989,-42.194603
Series_1,1.648146,-42.194603
Series_1,1.649304,-42.193053
Series_1,1.650461,-42.193697
Series_1,1.651618,-42.195187
Series_1,1.652776,-42.196587
Series_1,1.653933,-42.196934
Series_1,1.655091,-42.198395
Series_1,1.656248,-42.203646
Series_1,1.657405,-42.206106
Series_1,1.658563,-42.208528
Series_1,1.659720,-42.211817
Series_1,1.660878,-42.219138
Series_1,1.662035,-42.226097
Series_1,1.663192,-42.238699
Series_1,1.664350,-42.254484
Series_1,1.665507,-42.293577
Series_1,1.666665,-42.303370
Series_1,1.667822,-42.303205
Series_1,1.668979,-42.312176
Series_1,1.670137,-42.323081
Series_1,1.671294,-42.328349
Series_1,1.672452,-42.330657
Series_1,1.673609,-42.339266
Series_1,1.674767,-42.343476
Series_1,1.675924,-42.347328
Series_1,1.677081,-42.350806
Series_1,1.678239,-42.352412
Series_1,1.679396,-42.352700
Series_1,1.680554,-42.352557
Series_1,1.681711,-42.353390
Series_1,1.682868,-42.353390
Series_1,1.684026,-42.353141
Series_1,1.685183,-42.353141
Series_1,1.686341,-42.353141
Series_1,1.687498,-42.353399
Series_1,1.688655,-42.354015
Series_1,1.689813,-42.354222
Series_1,1.690970,-42.353961
Series_1,1.692128,-42.354642
Series_1,1.693285,-42.358298
Series_1,1.694442,-42.358544
Series_1,1.695600,-42.357669
Series_1,1.696757,-42.357574
Series_1,1.697915,-42.357042
Series_1,1.699072,-42.356478
Series_1,1.700229,-42.353464
Series_1,1.701387,-42.349690
Series_1,1.702544,-42.341745
Series_1,1.703702,-42.331304
Series_1,1.704859,-42.328963
Series_1,1.706016,-42.327259
Series_1,1.707174,-42.328269
Series_1,1.708331,-42.333481
Series_1,1.709489,-42.327667
Series_1,1.710646,-42.332721
Series_1,1.711803,-42.357689
Series_1,1.712961,-42.365263
Series_1,1.714118,-42.394895
Series_1,1.715276,-42.428532
Series_1,1.716433,-42.424835
Series_1,1.717591,-42.439192
Series_1,1.718748,-42.442548
Series_1,1.719905,-42.445083
Series_1,1.721063,-42.451323
Series_1,1.722220,-42.452781
Series_1,1.723378,-42.454436
Series_1,1.724535,-42.455944
Series_1,1.725692,-42.455127
Series_1,1.726850,-42.456758
Series_1,1.728007,-42.456787
Series_1,1.729165,-42.456787
Series_1,1.730322,-42.455893
Series_1,1.731479,-42.455664
Series_1,1.732637,-42.455664
Series_1,1.733794,-42.455664
Series_1,1.734952,-42.455457
Series_1,1.736109,-42.455457
Series_1,1.737266,-42.455070
Series_1,1.738424,-42.455575
Series_1,1.739581,-42.456126
Series_1,1.740739,-42.456401
Series_1,1.741896,-42.455720
Series_1,1.743053,-42.455513
Series_1,1.744211,-42.455306
Series_1,1.745368,-42.455306
Series_1,1.746526,-42.455443
Series_1,1.747683,-42.455443
Series_1,1.748840,-42.455030
Series_1,1.749998,-42.455030
Series_1,1.751155,-42.455210
Series_1,1.752313,-42.455713
Series_1,1.753470,-42.456084
Series_1,1.754628,-42.456310
Series_1,1.755785,-42.456810
Series_1,1.756942,-42.456810
Series_1,1.758100,-42.456397
Series_1,1.759257,-42.456397
Series_1,1.760415,-42.455548
Series_1,1.761572,-42.455822
Series_1,1.762729,-42.456751
Series_1,1.763887,-42.456660
Series_1,1.765044,-42.456340
Series_1,1.766202,-42.456340
Series_1,1.767359,-42.447859
Series_1,1.768516,-42.444171
Series_1,1.769674,-42.443029
Series_1,1.770831,-42.450303
Series_1,1.771989,-42.459952
Series_1,1.773146,-42.465694
Series_1,1.774303,-42.478018
Series_1,1.775461,-42.488587
Series_1,1.776618,-42.500512
Series_1,1.777776,-42.515176
Series_1,1.778933,-42.523393
Series_1,1.780090,-42.524473
Series_1,1.781248,-42.537257
Series_1,1.782405,-42.541300
Series_1,1.783563,-42.545343
Series_1,1.784720,-42.549386
Series_1,1.785877,-42.553429
Series_1,1.787035,-42.557472
Series_1,1.788192,-42.561515
Series_1,1.789350,-42.565558
Series_1,1.790507,-42.569601
Series_1,1.791665,-42.573644
Series_1,1.792822,-42.577687
Series_1,1.793979,-42.581730
Series_1,1.795137,-42.585773
Series_1,1.796294,-42.589816
Series_1,1.797452,-42.593859
Series_1,1.798609,-42.597902
Series_1,1.799766,-42.601945
Series_1,1.800924,-42.605988
Series_1,1.802081,-42.610031
Series_1,1.803239,-42.614074
Series_1,1.804396,-42.618117
Series_1,1.805553,-42.622160
Series_1,1.806711,-42.626203
Series_1,1.807868,-42.630246
Series_1,1.809026,-42.634289
Series_1,1.810183,-42.638332
Series_1,1.811340,-42.642375
Series_1,1.812498,-42.646418
Series_1,1.813655,-42.650461
Series_1,1.814813,-42.654504
Series_1,1.815970,-42.658547
Series_1,1.817127,-42.662590
Series_1,1.818285,-42.666633
Series_1,1.819442,-42.670676
Series_1,1.820600,-42.674719
Series_1,1.821757,-42.678762
Series_1,1.822914,-42.682805
Series_1,1.824072,-42.686848
Series_1,1.825229,-42.690891
Series_1,1.826387,-42.694933
Series_1,1.827544,-42.698976
Series_1,1.828702,-42.703019
Series_1,1.829859,-42.707062
Series_1,1.831016,-42.711105
Series_1,1.832174,-42.715148
Series_1,1.833331,-42.719191
Series_1,1.834489,-42.723234
Series_1,1.835646,-42.727277
Series_1,1.836803,-42.731320
Series_1,1.837961,-42.735363
Series_1,1.839118,-42.739406
Series_1,1.840276,-42.743449
Series_1,1.841433,-42.747492
Series_1,1.842590,-42.751535
Series_1,1.843748,-42.755578
Series_1,1.844905,-42.759621
Series_1,1.846063,-42.763664
Series_1,1.847220,-42.767707
Series_1,1.848377,-42.771750
Series_2,0.012731,-4.462964
Series_2,0.013889,-4.555490
Series_2,0.015046,-4.648016
Series_2,0.016204,-4.740542
Series_2,0.017361,-4.833068
Series_2,0.018518,-4.925594
Series_2,0.019676,-5.018120
Series_2,0.020833,-5.110646
Series_2,0.021991,-5.203172
Series_2,0.023148,-5.295698
Series_2,0.024306,-5.388224
Series_2,0.025463,-5.480750
Series_2,0.026620,-5.573276
Series_2,0.027778,-5.665802
Series_2,0.028935,-5.758328
Series_2,0.030093,-5.850854
Series_2,0.031250,-5.943380
Series_2,0.032407,-6.035906
Series_2,0.033565,-6.128432
Series_2,0.034722,-6.220958
Series_2,0.035880,-6.313484
Series_2,0.037037,-6.406010
Series_2,0.038194,-6.498536
Series_2,0.039352,-6.591062
Series_2,0.040509,-6.683588
Series_2,0.041667,-6.776114
Series_2,0.042824,-6.868640
Series_2,0.043981,-6.961166
Series_2,0.045139,-7.053692
Series_2,0.046296,-7.146218
Series_2,0.047454,-7.238744
Series_2,0.048611,-7.331270
Series_2,0.049768,-7.423796
Series_2,0.050926,-7.516322
Series_2,0.052083,-7.608848
Series_2,0.053241,-7.701374
Series_2,0.054398,-7.793900
Series_2,0.055555,-7.886426
Series_2,0.056713,-7.978952
Series_2,0.057870,-8.071478
Series_2,0.059028,-8.164004
Series_2,0.060185,-8.256530
Series_2,0.061343,-8.349056
Series_2,0.062500,-8.441582
Series_2,0.063657,-8.534108
Series_2,0.064815,-8.626634
Series_2,0.065972,-8.719160
Series_2,0.067130,-8.811686
Series_2,0.068287,-8.904212
Series_2,0.069444,-8.996738
Series_2,0.070602,-9.089264
Series_2,0.071759,-9.181790
Series_2,0.072917,-9.274316
Series_2,0.074074,-9.366842
Series_2,0.075231,-9.459368
Series_2,0.076389,-9.551894
Series_2,0.077546,-9.644420
Series_2,0.078704,-9.736946
Series_2,0.079861,-9.829472
Series_2,0.081018,-9.921998
Series_2,0.082176,-10.014524
Series_2,0.083333,-10.107050
Series_2,0.084491,-10.199577
Series_2,0.085648,-10.292103
Series_2,0.086805,-10.384629
Series_2,0.087963,-10.477155
Series_2,0.089120,-10.569681
Series_2,0.090278,-10.662207
Series_2,0.091435,-10.754733
Series_2,0.092592,-10.847259
Series_2,0.093750,-10.939785
Series_2,0.094907,-11.032311
Series_2,0.096065,-11.124837
Series_2,0.097222,-11.217363
Series_2,0.098380,-11.309889
Series_2,0.099537,-11.402415
Series_2,0.100694,-11.494941
Series_2,0.101852,-11.587467
Series_2,0.103009,-11.679993
Series_2,0.104167,-11.772519
Series_2,0.105324,-11.865045
Series_2,0.106481,-11.957571
Series_2,0.107639,-12.050097
Series_2,0.108796,-12.142623
Series_2,0.109954,-12.235149
Series_2,0.111111,-12.253451
Series_2,0.112268,-12.324106
Series_2,0.113426,-12.420498
Series_2,0.114583,-12.496045
Series_2,0.115741,-12.558641
Series_2,0.116898,-12.713653
Series_2,0.118055,-12.768090
Series_2,0.119213,-12.786074
Series_2,0.120370,-12.886888
Series_2,0.121528,-12.999004
Series_2,0.122685,-13.059352
Series_2,0.123842,-13.186130
Series_2,0.125000,-13.245160
Series_2,0.126157,-13.287915
Series_2,0.127315,-13.399400
Series_2,0.128472,-13.457529
Series_2,0.129629,-13.463961
Series_2,0.130787,-13.516523
Series_2,0.131944,-13.623051
Series_2,0.133102,-13.724890
Series_2,0.134259,-13.797128
Series_2,0.135417,-13.899536
Series_2,0.136574,-13.992301
Series_2,0.137731,-14.065462
Series_2,0.138889,-14.157599
Series_2,0.140046,-14.267292
Series_2,0.141204,-14.347845
Series_2,0.142361,-14.484704
Series_2,0.143518,-14.604350
Series_2,0.144676,-14.651976
Series_2,0.145833,-14.759442
Series_2,0.146991,-14.843751
Series_2,0.148148,-14.875218
Series_2,0.149305,-14.901098
Series_2,0.150463,-14.966106
Series_2,0.151620,-15.083654
Series_2,0.152778,-15.162391
Series_2,0.153935,-15.267360
Series_2,0.155092,-15.363845
Series_2,0.156250,-15.429931
Series_2,0.157407,-15.520671
Series_2,0.158565,-15.617446
Series_2,0.159722,-15.682654
Series_2,0.160879,-15.801658
Series_2,0.162037,-15.888641
Series_2,0.163194,-15.900349
Series_2,0.164352,-15.962503
Series_2,0.165509,-16.084402
Series_2,0.166666,-16.140082
Series_2,0.167824,-16.117523
Series_2,0.168981,-16.189098
Series_2,0.170139,-16.341511
Series_2,0.171296,-16.420096
Series_2,0.172453,-16.490014
Series_2,0.173611,-16.597629
Series_2,0.174768,-16.670204
Series_2,0.175926,-16.762313
Series_2,0.177083,-16.870413
Series_2,0.178241,-16.930330
Series_2,0.179398,-17.001316
Series_2,0.180555,-17.082355
Series_2,0.181713,-17.156763
Series_2,0.182870,-17.213877
Series_2,0.184028,-17.320129
Series_2,0.185185,-17.399338
Series_2,0.186342,-17.405753
Series_2,0.187500,-17.457498
Series_2,0.188657,-17.540371
Series_2,0.189815,-17.607350
Series_2,0.190972,-17.671638
Series_2,0.192129,-17.757152
Series_2,0.193287,-17.828042
Series_2,0.194444,-17.895900
Series_2,0.195602,-17.995739
Series_2,0.196759,-18.048613
Series_2,0.197916,-18.115250
Series_2,0.199074,-18.178763
Series_2,0.200231,-18.263604
Series_2,0.201389,-18.326696
Series_2,0.202546,-18.399134
Series_2,0.203703,-18.472123
Series_2,0.204861,-18.539780
Series_2,0.206018,-18.613287
Series_2,0.207176,-18.709706
Series_2,0.208333,-18.794616
Series_2,0.209490,-18.872655
Series_2,0.210648,-18.958053
Series_2,0.211805,-19.044525
Series_2,0.212963,-19.116877
Series_2,0.214120,-19.196713
Series_2,0.215278,-19.291642
Series_2,0.216435,-19.395141
Series_2,0.217592,-19.465035
Series_2,0.218750,-19.561601
Series_2,0.219907,-19.616157
Series_2,0.221065,-19.681773
Series_2,0.222222,-19.745010
Series_2,0.223379,-19.805807
Series_2,0.224537,-19.854888
Series_2,0.225694,-19.930722
Series_2,0.226852,-19.998059
Series_2,0.228009,-20.065396
Series_2,0.229166,-20.132733
Series_2,0.230324,-20.200069
Series_2,0.231481,-20.267406
Series_2,0.232639,-20.334743
Series_2,0.233796,-20.402080
Series_2,0.234953,-20.469417
Series_2,0.236111,-20.536754
Series_2,0.237268,-20.604090
Series_2,0.238426,-20.671427
Series_2,0.239583,-20.738764
Series_2,0.240740,-20.806101
Series_2,0.241898,-20.873438
Series_2,0.243055,-20.940775
Series_2,0.244213,-21.008111
Series_2,0.245370,-21.075448
Series_2,0.246527,-21.142785
Series_2,0.247685,-21.210122
Series_2,0.248842,-21.277459
Series_2,0.250000,-21.344796
Series_2,0.251157,-21.412132
Series_2,0.252315,-21.479469
Series_2,0.253472,-21.546806
Series_2,0.254629,-21.614143
Series_2,0.255787,-21.681480
Series_2,0.256944,-21.748816
Series_2,0.258102,-21.816153
Series_2,0.259259,-21.883490
Series_2,0.260416,-21.950827
Series_2,0.261574,-22.018164
Series_2,0.262731,-22.085501
Series_2,0.263889,-22.152837
Series_2,0.265046,-22.220174
Series_2,0.266203,-22.287511
Series_2,0.267361,-22.354848
Series_2,0.268518,-22.422185
Series_2,0.269676,-22.489522
Series_2,0.270833,-22.556858
Series_2,0.271990,-22.624195
Series_2,0.273148,-22.691532
Series_2,0.274305,-22.758869
Series_2,0.275463,-22.826206
Series_2,0.276620,-22.893543
Series_2,0.277777,-22.960879
Series_2,0.278935,-23.028216
Series_2,0.280092,-23.095553
Series_2,0.281250,-23.162890
Series_2,0.282407,-23.230227
Series_2,0.283564,-23.297564
Series_2,0.284722,-23.364900
Series_2,0.285879,-23.432237
Series_2,0.287037,-23.499574
Series_2,0.288194,-23.566911
Series_2,0.289352,-23.634248
Series_2,0.290509,-23.701585
Series_2,0.291666,-23.768921
Series_2,0.292824,-23.836258
Series_2,0.293981,-23.903595
Series_2,0.295139,-23.970932
Series_2,0.296296,-24.038269
Series_2,0.297453,-24.105606
Series_2,0.298611,-24.172942
Series_2,0.299768,-24.240354
Series_2,0.300926,-24.323905
Series_2,0.302083,-24.409198
Series_2,0.303240,-24.491323
Series_2,0.304398,-24.575007
Series_2,0.305555,-24.641969
Series_2,0.306713,-24.703507
Series_2,0.307870,-24.768319
Series_2,0.309027,-24.820290
Series_2,0.310185,-24.870618
Series_2,0.311342,-24.933114
Series_2,0.312500,-24.993836
Series_2,0.313657,-25.041169
Series_2,0.314814,-25.092339
Series_2,0.315972,-25.157762
Series_2,0.317129,-25.207385
Series_2,0.318287,-25.243900
Series_2,0.319444,-25.303513
Series_2,0.320601,-25.367064
Series_2,0.321759,-25.413555
Series_2,0.322916,-25.463689
Series_2,0.324074,-25.526326
Series_2,0.325231,-25.576725
Series_2,0.326388,-25.624561
Series_2,0.327546,-25.706794
Series_2,0.328703,-25.752263
Series_2,0.329861,-25.780462
Series_2,0.331018,-25.844927
Series_2,0.332176,-25.902782
Series_2,0.333333,-25.960637
Series_2,0.334490,-26.018491
Series_2,0.335648,-26.076346
Series_2,0.336805,-26.134201
Series_2,0.337963,-26.192056
Series_2,0.339120,-26.249911
Series_2,0.340277,-26.307765
Series_2,0.341435,-26.365620
Series_2,0.342592,-26.423475
Series_2,0.343750,-26.481330
Series_2,0.344907,-26.539185
Series_2,0.346064,-26.597040
Series_2,0.347222,-26.654894
Series_2,0.348379,-26.712749
Series_2,0.349537,-26.770604
Series_2,0.350694,-26.828459
Series_2,0.351851,-26.886314
Series_2,0.353009,-26.944169
Series_2,0.354166,-27.002023
Series_2,0.355324,-27.059878
Series_2,0.356481,-27.117733
Series_2,0.357638,-27.175588
Series_2,0.358796,-27.233443
Series_2,0.359953,-27.291297
Series_2,0.361111,-27.349152
Series_2,0.362268,-27.407007
Series_2,0.363425,-27.464862
Series_2,0.364583,-27.522717
Series_2,0.365740,-27.580572
Series_2,0.366898,-27.638426
Series_2,0.368055,-27.696281
Series_2,0.369213,-27.754136
Series_2,0.370370,-27.811991
Series_2,0.371527,-27.869846
Series_2,0.372685,-27.927700
Series_2,0.373842,-27.985555
Series_2,0.375000,-28.043410
Series_2,0.376157,-28.101265
Series_2,0.377314,-28.159120
Series_2,0.378472,-28.216975
Series_2,0.379629,-28.274829
Series_2,0.380787,-28.332684
Series_2,0.381944,-28.390539
Series_2,0.383101,-28.448394
Series_2,0.384259,-28.506249
Series_2,0.385416,-28.564104
Series_2,0.386574,-28.621958
Series_2,0.387731,-28.679813
Series_2,0.388888,-28.737668
Series_2,0.390046,-28.795523
Series_2,0.391203,-28.853378
Series_2,0.392361,-28.911232
Series_2,0.393518,-28.969087
Series_2,0.394675,-29.026942
Series_2,0.395833,-29.084797
Series_2,0.396990,-29.142652
Series_2,0.398148,-29.200507
Series_2,0.399305,-29.258361
Series_2,0.400462,-29.316216
Series_2,0.401620,-29.374071
Series_2,0.402777,-29.431926
Series_2,0.403935,-29.489781
Series_2,0.405092,-29.547635
Series_2,0.406250,-29.605490
Series_2,0.407407,-29.663345
Series_2,0.408564,-29.721200
Series_2,0.409722,-29.779055
Series_2,0.410879,-29.836910
Series_2,0.412037,-29.880182
Series_2,0.413194,-29.928429
Series_2,0.414351,-29.998611
Series_2,0.415509,-29.996878
Series_2,0.416666,-30.018631
Series_2,0.417824,-30.118697
Series_2,0.418981,-30.152658
Series_2,0.420138,-30.211827
Series_2,0.421296,-30.261425
Series_2,0.422453,-30.291504
Series_2,0.423611,-30.326928
Series_2,0.424768,-30.418787
Series_2,0.425925,-30.448086
Series_2,0.427083,-30.430168
Series_2,0.428240,-30.467590
Series_2,0.429398,-30.565655
Series_2,0.430555,-30.613934
Series_2,0.431712,-30.627110
Series_2,0.432870,-30.685604
Series_2,0.434027,-30.737815
Series_2,0.435185,-30.782179
Series_2,0.436342,-30.859841
Series_2,0.437499,-30.910936
Series_2,0.438657,-30.958695
Series_2,0.439814,-31.034049
Series_2,0.440972,-31.066492
Series_2,0.442129,-31.098191
Series_2,0.443287,-31.181727
Series_2,0.444444,-31.225891
Series_2,0.445601,-31.204271
Series_2,0.446759,-31.250592
Series_2,0.447916,-31.363664
Series_2,0.449074,-31.427308
Series_2,0.450231,-31.425446
Series_2,0.451388,-31.504635
Series_2,0.452546,-31.567450
Series_2,0.453703,-31.607401
Series_2,0.454861,-31.704951
Series_2,0.456018,-31.777202
Series_2,0.457175,-31.828658
Series_2,0.458333,-31.904644
Series_2,0.459490,-31.950103
Series_2,0.460648,-31.963115
Series_2,0.461805,-32.038183
Series_2,0.462962,-32.080744
Series_2,0.464120,-32.082845
Series_2,0.465277,-32.095405
Series_2,0.466435,-32.150484
Series_2,0.467592,-32.235258
Series_2,0.468749,-32.279058
Series_2,0.469907,-32.336705
Series_2,0.471064,-32.439714
Series_2,0.472222,-32.473767
Series_2,0.473379,-32.530467
Series_2,0.474536,-32.590975
Series_2,0.475694,-32.622027
Series_2,0.476851,-32.678681
Series_2,0.478009,-32.767417
Series_2,0.479166,-32.787792
Series_2,0.480323,-32.820007
Series_2,0.481481,-32.868534
Series_2,0.482638,-32.893331
Series_2,0.483796,-32.913403
Series_2,0.484953,-32.954426
Series_2,0.486111,-33.033264
Series_2,0.487268,-33.064852
Series_2,0.488425,-33.094823
Series_2,0.489583,-33.196264
Series_2,0.490740,-33.230929
Series_2,0.491898,-33.276268
Series_2,0.493055,-33.344223
Series_2,0.494212,-33.337298
Series_2,0.495370,-33.378338
Series_2,0.496527,-33.451103
Series_2,0.497685,-33.485457
Series_2,0.498842,-33.507444
Series_2,0.499999,-33.587185
Series_2,0.501157,-33.640580
Series_2,0.502314,-33.652157
Series_2,0.503472,-33.699095
Series_2,0.504629,-33.772228
Series_2,0.505786,-33.802839
Series_2,0.506944,-33.840608
Series_2,0.508101,-33.911387
Series_2,0.509259,-33.953969
Series_2,0.510416,-33.964652
Series_2,0.511573,-34.021011
Series_2,0.512731,-34.074968
Series_2,0.513888,-34.119796
Series_2,0.515046,-34.185244
Series_2,0.516203,-34.216821
Series_2,0.517360,-34.233227
Series_2,0.518518,-34.265019
Series_2,0.519675,-34.310914
Series_2,0.520833,-34.326271
Series_2,0.521990,-34.369221
Series_2,0.523148,-34.412171
Series_2,0.524305,-34.455120
Series_2,0.525462,-34.498070
Series_2,0.526620,-34.541020
Series_2,0.527777,-34.583970
Series_2,0.528935,-34.626920
Series_2,0.530092,-34.669870
Series_2,0.531249,-34.712820
Series_2,0.532407,-34.755770
Series_2,0.533564,-34.798720
Series_2,0.534722,-34.841670
Series_2,0.535879,-34.884620
Series_2,0.537036,-34.927570
Series_2,0.538194,-34.970520
Series_2,0.539351,-35.013470
Series_2,0.540509,-35.056420
Series_2,0.541666,-35.099370
Series_2,0.542823,-35.142319
Series_2,0.543981,-35.185269
Series_2,0.545138,-35.228219
Series_2,0.546296,-35.271169
Series_2,0.547453,-35.314119
Series_2,0.548610,-35.357069
Series_2,0.549768,-35.400019
Series_2,0.550925,-35.442969
Series_2,0.552083,-35.485919
Series_2,0.553240,-35.528869
Series_2,0.554397,-35.571819
Series_2,0.555555,-35.614769
Series_2,0.556712,-35.657719
Series_2,0.557870,-35.700669
Series_2,0.559027,-35.743619
Series_2,0.560185,-35.786569
Series_2,0.561342,-35.829518
Series_2,0.562499,-35.872468
Series_2,0.563657,-35.915418
Series_2,0.564814,-35.958368
Series_2,0.565972,-36.001318
Series_2,0.567129,-36.044268
Series_2,0.568286,-36.087218
Series_2,0.569444,-36.130168
Series_2,0.570601,-36.173118
Series_2,0.571759,-36.216068
Series_2,0.572916,-36.259018
Series_2,0.574073,-36.301968
Series_2,0.575231,-36.344918
Series_2,0.576388,-36.387868
Series_2,0.577546,-36.430818
Series_2,0.578703,-36.473768
Series_2,0.579860,-36.516717
Series_2,0.581018,-36.559667
Series_2,0.582175,-36.602617
Series_2,0.583333,-36.645567
Series_2,0.584490,-36.688517
Series_2,0.585647,-36.731467
Series_2,0.586805,-36.774417
Series_2,0.587962,-36.817367
Series_2,0.589120,-36.860317
Series_2,0.590277,-36.903267
Series_2,0.591434,-36.946217
Series_2,0.592592,-36.989167
Series_2,0.593749,-37.032117
Series_2,0.594907,-37.091546
Series_2,0.596064,-37.128559
Series_2,0.597222,-37.163561
Series_2,0.598379,-37.239966
Series_2,0.599536,-37.289598
Series_2,0.600694,-37.327767
Series_2,0.601851,-37.409959
Series_2,0.603009,-37.410274
Series_2,0.604166,-37.432109
Series_2,0.605323,-37.516270
Series_2,0.606481,-37.556421
Series_2,0.607638,-37.572094
Series_2,0.608796,-37.623940
Series_2,0.609953,-37.656337
Series_2,0.611110,-37.672866
Series_2,0.612268,-37.699620
Series_2,0.613425,-37.747332
Series_2,0.614583,-37.785403
Series_2,0.615740,-37.815242
Series_2,0.616897,-37.893841
Series_2,0.618055,-37.930364
Series_2,0.619212,-37.951210
Series_2,0.620370,-37.997209
Series_2,0.621527,-38.036543
Series_2,0.622684,-38.048667
Series_2,0.623842,-38.119467
Series_2,0.624999,-38.152851
Series_2,0.626157,-38.174163
Series_2,0.627314,-38.225081
Series_2,0.628471,-38.273178
Series_2,0.629629,-38.286179
Series_2,0.630786,-38.288165
Series_2,0.631944,-38.342566
Series_2,0.633101,-38.400668
Series_2,0.634258,-38.429415
Series_2,0.635416,-38.487869
Series_2,0.636573,-38.515053
Series_2,0.637731,-38.522975
Series_2,0.638888,-38.558719
Series_2,0.640046,-38.618090
Series_2,0.641203,-38.642631
Series_2,0.642360,-38.691314
Series_2,0.643518,-38.741893
Series_2,0.644675,-38.757373
Series_2,0.645833,-38.810821
Series_2,0.646990,-38.864391
Series_2,0.648147,-38.882821
Series_2,0.649305,-38.871188
Series_2,0.650462,-38.918412
Series_2,0.651620,-38.977016
Series_2,0.652777,-38.994462
Series_2,0.653934,-39.018059
Series_2,0.655092,-39.077062
Series_2,0.656249,-39.106728
Series_2,0.657407,-39.133559
Series_2,0.658564,-39.192986
Series_2,0.659721,-39.227478
Series_2,0.660879,-39.264785
Series_2,0.662036,-39.319652
Series_2,0.663194,-39.342170
Series_2,0.664351,-39.378159
Series_2,0.665508,-39.474058
Series_2,0.666666,-39.497214
Series_2,0.667823,-39.435240
Series_2,0.668981,-39.492204
Series_2,0.670138,-39.598930
Series_2,0.671295,-39.636780
Series_2,0.672453,-39.664437
Series_2,0.673610,-39.713153
Series_2,0.674768,-39.718949
Series_2,0.675925,-39.745279
Series_2,0.677083,-39.797270
Series_2,0.678240,-39.821763
Series_2,0.679397,-39.852298
Series_2,0.680555,-39.887425
Series_2,0.681712,-39.896369
Series_2,0.682870,-39.924585
Series_2,0.684027,-40.010535
Series_2,0.685184,-40.041701
Series_2,0.686342,-40.019463
Series_2,0.687499,-40.050667
Series_2,0.688657,-40.081872
Series_2,0.689814,-40.113076
Series_2,0.690971,-40.144281
Series_2,0.692129,-40.175485
Series_2,0.693286,-40.206690
Series_2,0.694444,-40.237894
Series_2,0.695601,-40.269099
Series_2,0.696758,-40.300303
Series_2,0.697916,-40.331508
Series_2,0.699073,-40.362712
Series_2,0.700231,-40.393917
Series_2,0.701388,-40.425121
Series_2,0.702545,-40.456326
Series_2,0.703703,-40.487530
Series_2,0.704860,-40.518735
Series_2,0.706018,-40.549939
Series_2,0.707175,-40.581144
Series_2,0.708332,-40.612348
Series_2,0.709490,-40.643553
Series_2,0.710647,-40.674757
Series_2,0.711805,-40.705962
Series_2,0.712962,-40.737166
Series_2,0.714120,-40.768371
Series_2,0.715277,-40.799575
Series_2,0.716434,-40.830780
Series_2,0.717592,-40.861984
Series_2,0.718749,-40.893189
Series_2,0.719907,-40.924393
Series_2,0.721064,-40.955598
Series_2,0.722221,-40.986802
Series_2,0.723379,-41.018007
Series_2,0.724536,-41.049211
Series_2,0.725694,-41.080416
Series_2,0.726851,-41.111620
Series_2,0.728008,-41.142825
Series_2,0.729166,-41.174029
Series_2,0.730323,-41.205234
Series_2,0.731481,-41.236438
Series_2,0.732638,-41.267643
Series_2,0.733795,-41.298847
Series_2,0.734953,-41.330052
Series_2,0.736110,-41.361256
Series_2,0.737268,-41.392461
Series_2,0.738425,-41.423665
Series_2,0.739582,-41.454870
Series_2,0.740740,-41.486074
Series_2,0.741897,-41.517279
Series_2,0.743055,-41.548483
Series_2,0.744212,-41.579688
Series_2,0.745369,-41.610892
Series_2,0.746527,-41.642097
Series_2,0.747684,-41.673302
Series_2,0.748842,-41.704506
Series_2,0.749999,-41.735711
Series_2,0.751157,-41.766915
Series_2,0.752314,-41.798120
Series_2,0.753471,-41.829324
Series_2,0.754629,-41.860529
Series_2,0.755786,-41.891733
Series_2,0.756944,-41.922938
Series_2,0.758101,-41.954142
Series_2,0.759258,-41.985347
Series_2,0.760416,-42.016551
Series_2,0.761573,-42.047756
Series_2,0.762731,-42.078960
Series_2,0.763888,-42.120300
Series_2,0.765045,-42.174306
Series_2,0.766203,-42.214011
Series_2,0.767360,-42.264039
Series_2,0.768518,-42.296225
Series_2,0.769675,-42.303432
Series_2,0.770832,-42.344591
Series_2,0.771990,-42.375471
Series_2,0.773147,-42.403880
Series_2,0.774305,-42.454084
Series_2,0.775462,-42.476702
Series_2,0.776619,-42.478654
Series_2,0.777777,-42.508600
Series_2,0.778934,-42.564559
Series_2,0.780092,-42.575875
Series_2,0.781249,-42.587180
Series_2,0.782406,-42.645083
Series_2,0.783564,-42.695722
Series_2,0.784721,-42.729384
Series_2,0.785879,-42.780869
Series_2,0.787036,-42.824636
Series_2,0.788193,-42.854249
Series_2,0.789351,-42.896937
Series_2,0.790508,-42.935057
Series_2,0.791666,-42.955986
Series_2,0.792823,-42.990340
Series_2,0.793981,-43.021259
Series_2,0.795138,-43.035562
Series_2,0.796295,-43.060829
Series_2,0.797453,-43.109760
Series_2,0.798610,-43.129929
Series_2,0.799768,-43.145219
Series_2,0.800925,-43.171473
Series_2,0.802082,-43.194688
Series_2,0.803240,-43.229117
Series_2,0.804397,-43.273943
Series_2,0.805555,-43.305641
Series_2,0.806712,-43.333110
Series_2,0.807869,-43.360068
Series_2,0.809027,-43.390092
Series_2,0.810184,-43.403292
Series_2,0.811342,-43.439872
Series_2,0.812499,-43.478256
Series_2,0.813656,-43.497769
Series_2,0.814814,-43.522462
Series_2,0.815971,-43.542649
Series_2,0.817129,-43.567503
Series_2,0.818286,-43.585617
Series_2,0.819443,-43.617275
Series_2,0.820601,-43.650407
Series_2,0.821758,-43.684027
Series_2,0.822916,-43.713950
Series_2,0.824073,-43.742129
Series_2,0.825230,-43.759526
Series_2,0.826388,-43.793269
Series_2,0.827545,-43.838232
Series_2,0.828703,-43.864257
Series_2,0.829860,-43.882916
Series_2,0.831018,-43.914368
Series_2,0.832175,-43.944448
Series_2,0.833332,-43.968969
Series_2,0.834490,-43.993398
Series_2,0.835647,-44.029925
Series_2,0.836805,-44.070288
Series_2,0.837962,-44.100492
Series_2,0.839119,-44.131505
Series_2,0.840277,-44.163031
Series_2,0.841434,-44.189820
Series_2,0.842592,-44.212402
Series_2,0.843749,-44.239987
Series_2,0.844906,-44.260014
Series_2,0.846064,-44.290443
Series_2,0.847221,-44.306664
Series_2,0.848379,-44.325220
Series_2,0.849536,-44.346853
Series_2,0.850693,-44.367186
Series_2,0.851851,-44.376949
Series_2,0.853008,-44.392405
Series_2,0.854166,-44.417926
Series_2,0.855323,-44.441176
Series_2,0.856480,-44.462279
Series_2,0.857638,-44.483642
Series_2,0.858795,-44.512634
Series_2,0.859953,-44.555580
Series_2,0.861110,-44.594145
Series_2,0.862267,-44.639765
Series_2,0.863425,-44.682311
Series_2,0.864582,-44.719372
Series_2,0.865740,-44.748668
Series_2,0.866897,-44.773687
Series_2,0.868055,-44.801169
Series_2,0.869212,-44.822416
Series_2,0.870369,-44.837824
Series_2,0.871527,-44.847147
Series_2,0.872684,-44.868419
Series_2,0.873842,-44.881752
Series_2,0.874999,-44.894499
Series_2,0.876156,-44.914717
Series_2,0.877314,-44.937882
Series_2,0.878471,-44.958416
Series_2,0.879629,-44.989039
Series_2,0.880786,-45.008456
Series_2,0.881943,-45.061153
Series_2,0.883101,-45.129963
Series_2,0.884258,-45.183957
Series_2,0.885416,-45.212566
Series_2,0.886573,-45.253233
Series_2,0.887730,-45.284120
Series_2,0.888888,-45.295237
Series_2,0.890045,-45.307977
Series_2,0.891203,-45.327344
Series_2,0.892360,-45.361783
Series_2,0.893517,-45.380993
Series_2,0.894675,-45.396449
Series_2,0.895832,-45.418354
Series_2,0.896990,-45.429523
Series_2,0.898147,-45.452104
Series_2,0.899304,-45.470038
Series_2,0.900462,-45.490882
Series_2,0.901619,-45.513555
Series_2,0.902777,-45.534202
Series_2,0.903934,-45.559905
Series_2,0.905092,-45.581593
Series_2,0.906249,-45.607640
Series_2,0.907406,-45.630017
Series_2,0.908564,-45.645479
Series_2,0.909721,-45.676978
Series_2,0.910879,-45.726453
Series_2,0.912036,-45.751630
Series_2,0.913193,-45.781534
Series_2,0.914351,-45.806793
Series_2,0.915508,-45.829069
Series_2,0.916666,-45.851613
Series_2,0.917823,-45.875875
Series_2,0.918980,-45.900026
Series_2,0.920138,-45.921200
Series_2,0.921295,-45.943499
Series_2,0.922453,-45.958458
Series_2,0.923610,-45.976301
Series_2,0.924767,-45.996024
Series_2,0.925925,-46.016077
Series_2,0.927082,-46.028273
Series_2,0.928240,-46.047289
Series_2,0.929397,-46.067961
Series_2,0.930554,-46.082690
Series_2,0.931712,-46.109204
Series_2,0.932869,-46.134317
Series_2,0.934027,-46.161878
Series_2,0.935184,-46.183839
Series_2,0.936341,-46.205921
Series_2,0.937499,-46.231621
Series_2,0.938656,-46.261518
Series_2,0.939814,-46.293830
Series_2,0.940971,-46.318447
Series_2,0.942128,-46.345857
Series_2,0.943286,-46.381082
Series_2,0.944443,-46.399093
Series_2,0.945601,-46.417725
Series_2,0.946758,-46.441173
Series_2,0.947916,-46.470741
Series_2,0.949073,-46.495373
Series_2,0.950230,-46.515786
Series_2,0.951388,-46.540491
Series_2,0.952545,-46.558420
Series_2,0.953703,-46.579885
Series_2,0.954860,-46.609039
Series_2,0.956017,-46.627250
Series_2,0.957175,-46.645687
Series_2,0.958332,-46.665463
Series_2,0.959490,-46.682440
Series_2,0.960647,-46.699933
Series_2,0.961804,-46.726347
Series_2,0.962962,-46.738543
Series_2,0.964119,-46.752621
Series_2,0.965277,-46.772121
Series_2,0.966434,-46.788533
Series_2,0.967591,-46.810211
Series_2,0.968749,-46.828685
Series_2,0.969906,-46.856158
Series_2,0.971064,-46.877634
Series_2,0.972221,-46.896511
Series_2,0.973378,-46.917104
Series_2,0.974536,-46.934431
Series_2,0.975693,-46.960790
Series_2,0.976851,-46.977177
Series_2,0.978008,-46.996857
Series_2,0.979165,-47.015466
Series_2,0.980323,-47.036943
Series_2,0.981480,-47.062419
Series_2,0.982638,-47.070654
Series_2,0.983795,-47.080839
Series_2,0.984953,-47.095829
Series_2,0.986110,-47.110035
Series_2,0.987267,-47.125088
Series_2,0.988425,-47.146055
Series_2,0.989582,-47.173625
Series_2,0.990740,-47.197308
Series_2,0.991897,-47.223936
Series_2,0.993054,-47.261318
Series_2,0.994212,-47.310613
Series_2,0.995369,-47.343493
Series_2,0.996527,-47.363257
Series_2,0.997684,-47.379935
Series_2,0.998841,-47.399749
Series_2,0.999999,-47.415730
Series_2,1.001156,-47.431225
Series_2,1.002314,-47.447499
Series_2,1.003471,-47.474139
Series_2,1.004628,-47.492340
Series_2,1.005786,-47.511326
Series_2,1.006943,-47.522560
Series_2,1.008101,-47.552866
Series_2,1.009258,-47.570802
Series_2,1.010415,-47.589460
Series_2,1.011573,-47.609906
Series_2,1.012730,-47.637291
Series_2,1.013888,-47.661997
Series_2,1.015045,-47.681796
Series_2,1.016202,-47.701836
Series_2,1.017360,-47.725190
Series_2,1.018517,-47.750910
Series_2,1.019675,-47.776626
Series_2,1.020832,-47.796363
Series_2,1.021990,-47.817253
Series_2,1.023147,-47.832676
Series_2,1.024304,-47.856818
Series_2,1.025462,-47.874126
Series_2,1.026619,-47.895033
Series_2,1.027777,-47.921283
Series_2,1.028934,-47.933239
Series_2,1.030091,-47.947905
Series_2,1.031249,-47.973816
Series_2,1.032406,-47.991369
Series_2,1.033564,-48.012825
Series_2,1.034721,-48.034416
Series_2,1.035878,-48.051735
Series_2,1.037036,-48.067818
Series_2,1.038193,-48.083979
Series_2,1.039351,-48.097255
Series_2,1.040508,-48.118814
Series_2,1.041665,-48.137877
Series_2,1.042823,-48.171372
Series_2,1.043980,-48.189310
Series_2,1.045138,-48.213674
Series_2,1.046295,-48.235370
Series_2,1.047452,-48.260555
Series_2,1.048610,-48.277300
Series_2,1.049767,-48.299944
Series_2,1.050925,-48.316841
Series_2,1.052082,-48.341741
Series_2,1.053239,-48.364113
Series_2,1.054397,-48.379112
Series_2,1.055554,-48.401576
Series_2,1.056712,-48.417689
Series_2,1.057869,-48.428454
Series_2,1.059027,-48.447240
Series_2,1.060184,-48.467853
Series_2,1.061341,-48.480536
Series_2,1.062499,-48.496032
Series_2,1.063656,-48.522029
Series_2,1.064814,-48.536993
Series_2,1.065971,-48.556581
Series_2,1.067128,-48.574882
Series_2,1.068286,-48.593837
Series_2,1.069443,-48.611164
Series_2,1.070601,-48.630743
Series_2,1.071758,-48.651723
Series_2,1.072915,-48.676032
Series_2,1.074073,-48.693874
Series_2,1.075230,-48.715679
Series_2,1.076388,-48.739026
Series_2,1.077545,-48.752234
Series_2,1.078702,-48.771894
Series_2,1.079860,-48.790043
Series_2,1.081017,-48.807959
Series_2,1.082175,-48.830049
Series_2,1.083332,-48.846908
Series_2,1.084489,-48.861449
Series_2,1.085647,-48.879417
Series_2,1.086804,-48.902661
Series_2,1.087962,-48.921815
Series_2,1.089119,-48.944274
Series_2,1.090276,-48.968446
Series_2,1.091434,-48.989241
Series_2,1.092591,-49.002432
Series_2,1.093749,-49.023199
Series_2,1.094906,-49.046364
Series_2,1.096063,-49.065566
Series_2,1.097221,-49.084595
Series_2,1.098378,-49.117770
Series_2,1.099536,-49.155501
Series_2,1.100693,-49.174911
Series_2,1.101851,-49.196764
Series_2,1.103008,-49.217012
Series_2,1.104165,-49.229886
Series_2,1.105323,-49.253603
Series_2,1.106480,-49.276361
Series_2,1.107638,-49.286900
Series_2,1.108795,-49.299452
Series_2,1.109952,-49.311395
Series_2,1.111110,-49.322297
Series_2,1.112267,-49.331387
Series_2,1.113425,-49.343181
Series_2,1.114582,-49.357294
Series_2,1.115739,-49.367949
Series_2,1.116897,-49.372573
Series_2,1.118054,-49.381514
Series_2,1.119212,-49.391842
Series_2,1.120369,-49.401707
Series_2,1.121526,-49.410839
Series_2,1.122684,-49.420422
Series_2,1.123841,-49.441949
Series_2,1.124999,-49.459224
Series_2,1.126156,-49.470322
Series_2,1.127313,-49.490940
Series_2,1.128471,-49.509508
Series_2,1.129628,-49.526780
Series_2,1.130786,-49.537285
Series_2,1.131943,-49.550906
Series_2,1.133100,-49.576078
Series_2,1.134258,-49.589395
Series_2,1.135415,-49.612460
Series_2,1.136573,-49.648927
Series_2,1.137730,-49.670314
Series_2,1.138888,-49.696432
Series_2,1.140045,-49.713525
Series_2,1.141202,-49.729931
Series_2,1.142360,-49.759515
Series_2,1.143517,-49.798499
Series_2,1.144675,-49.808838
Series_2,1.145832,-49.822670
Series_2,1.146989,-49.842562
Series_2,1.148147,-49.854684
Series_2,1.149304,-49.865103
Series_2,1.150462,-49.875822
Series_2,1.151619,-49.899478
Series_2,1.152776,-49.909375
Series_2,1.153934,-49.918131
Series_2,1.155091,-49.920469
Series_2,1.156249,-49.918540
Series_2,1.157406,-49.932467
Series_2,1.158563,-49.956684
Series_2,1.159721,-49.971937
Series_2,1.160878,-49.988820
Series_2,1.162036,-50.005703
Series_2,1.163193,-50.022587
Series_2,1.164350,-50.039470
Series_2,1.165508,-50.056353
Series_2,1.166665,-50.073236
Series_2,1.167823,-50.090120
Series_2,1.168980,-50.107003
Series_2,1.170137,-50.123886
Series_2,1.171295,-50.140769
Series_2,1.172452,-50.157653
Series_2,1.173610,-50.174536
Series_2,1.174767,-50.191419
Series_2,1.175925,-50.208302
Series_2,1.177082,-50.225186
Series_2,1.178239,-50.242069
Series_2,1.179397,-50.258952
Series_2,1.180554,-50.275835
Series_2,1.181712,-50.292719
Series_2,1.182869,-50.309602
Series_2,1.184026,-50.326485
Series_2,1.185184,-50.343368
Series_2,1.186341,-50.360252
Series_2,1.187499,-50.377135
Series_2,1.188656,-50.394018
Series_2,1.189813,-50.410901
Series_2,1.190971,-50.427785
Series_2,1.192128,-50.444668
Series_2,1.193286,-50.461551
Series_2,1.194443,-50.478434
Series_2,1.195600,-50.495318
Series_2,1.196758,-50.512201
Series_2,1.197915,-50.529084
Series_2,1.199073,-50.545967
Series_2,1.200230,-50.562851
Series_2,1.201387,-50.579734
Series_2,1.202545,-50.596617
Series_2,1.203702,-50.613500
Series_2,1.204860,-50.630384
Series_2,1.206017,-50.647267
Series_2,1.207174,-50.664150
Series_2,1.208332,-50.681033
Series_2,1.209489,-50.697917
Series_2,1.210647,-50.714800
Series_2,1.211804,-50.731683
Series_2,1.212962,-50.748566
Series_2,1.214119,-50.765450
Series_2,1.215276,-50.782333
Series_2,1.216434,-50.799216
Series_2,1.217591,-50.816100
Series_2,1.218749,-50.832983
Series_2,1.219906,-50.849866
Series_2,1.221063,-50.866749
Series_2,1.222221,-50.883633
Series_2,1.223378,-50.900516
Series_2,1.224536,-50.917399
Series_2,1.225693,-50.934282
Series_2,1.226850,-50.951166
Series_2,1.228008,-50.968049
Series_2,1.229165,-50.984932
Series_2,1.230323,-51.001815
Series_2,1.231480,-51.018699
Series_2,1.232637,-51.035582
Series_2,1.233795,-51.052465
Series_2,1.234952,-51.069348
Series_2,1.236110,-51.086232
Series_2,1.237267,-51.103115
Series_2,1.238424,-51.110695
Series_2,1.239582,-51.123107
Series_2,1.240739,-51.134838
Series_2,1.241897,-51.141296
Series_2,1.243054,-51.145866
Series_2,1.244211,-51.158638
Series_2,1.245369,-51.173410
Series_2,1.246526,-51.190965
Series_2,1.247684,-51.216899
Series_2,1.248841,-51.244121
Series_2,1.249998,-51.258401
Series_2,1.251156,-51.266911
Series_2,1.252313,-51.285403
Series_2,1.253471,-51.311273
Series_2,1.254628,-51.328635
Series_2,1.255786,-51.342516
Series_2,1.256943,-51.352855
Series_2,1.258100,-51.370122
Series_2,1.259258,-51.378061
Series_2,1.260415,-51.387920
Series_2,1.261573,-51.390377
Series_2,1.262730,-51.392778
Series_2,1.263887,-51.398768
Series_2,1.265045,-51.407164
Series_2,1.266202,-51.417520
Series_2,1.267360,-51.427464
Series_2,1.268517,-51.436888
Series_2,1.269674,-51.448672
Series_2,1.270832,-51.461026
Series_2,1.271989,-51.474204
Series_2,1.273147,-51.484606
Series_2,1.274304,-51.491381
Series_2,1.275461,-51.505485
Series_2,1.276619,-51.513994
Series_2,1.277776,-51.530261
Series_2,1.278934,-51.533719
Series_2,1.280091,-51.538806
Series_2,1.281248,-51.542207
Series_2,1.282406,-51.556435
Series_2,1.283563,-51.593059
Series_2,1.284721,-51.611265
Series_2,1.285878,-51.638224
Series_2,1.287035,-51.654830
Series_2,1.288193,-51.675846
Series_2,1.289350,-51.703809
Series_2,1.290508,-51.742459
Series_2,1.291665,-51.763975
Series_2,1.292823,-51.786121
Series_2,1.293980,-51.794971
Series_2,1.295137,-51.801715
Series_2,1.296295,-51.808217
Series_2,1.297452,-51.817176
Series_2,1.298610,-51.823945
Series_2,1.299767,-51.831312
Series_2,1.300924,-51.838129
Series_2,1.302082,-51.846957
Series_2,1.303239,-51.856935
Series_2,1.304397,-51.870550
Series_2,1.305554,-51.880402
Series_2,1.306711,-51.888516
Series_2,1.307869,-51.897026
Series_2,1.309026,-51.905746
Series_2,1.310184,-51.917366
Series_2,1.311341,-51.928143
Series_2,1.312498,-51.941218
Series_2,1.313656,-51.955957
Series_2,1.314813,-51.966479
Series_2,1.315971,-51.980237
Series_2,1.317128,-51.984781
Series_2,1.318285,-51.990019
Series_2,1.319443,-52.002806
Series_2,1.320600,-52.021501
Series_2,1.321758,-52.039589
Series_2,1.322915,-52.056294
Series_2,1.324072,-52.071841
Series_2,1.325230,-52.094923
Series_2,1.326387,-52.111325
Series_2,1.327545,-52.131933
Series_2,1.328702,-52.149039
Series_2,1.329860,-52.165768
Series_2,1.331017,-52.180757
Series_2,1.332174,-52.201254
Series_2,1.333332,-52.211212
Series_2,1.334489,-52.219896
Series_2,1.335647,-52.230441
Series_2,1.336804,-52.244808
Series_2,1.337961,-52.253050
Series_2,1.339119,-52.258165
Series_2,1.340276,-52.264974
Series_2,1.341434,-52.277637
Series_2,1.342591,-52.285331
Series_2,1.343748,-52.300273
Series_2,1.344906,-52.311749
Series_2,1.346063,-52.329151
Series_2,1.347221,-52.339877
Series_2,1.348378,-52.352620
Series_2,1.349535,-52.362116
Series_2,1.350693,-52.375294
Series_2,1.351850,-52.385717
Series_2,1.353008,-52.399479
Series_2,1.354165,-52.407278
Series_2,1.355322,-52.420710
Series_2,1.356480,-52.433395
Series_2,1.357637,-52.446191
Series_2,1.358795,-52.457561
Series_2,1.359952,-52.467472
Series_2,1.361109,-52.474432
Series_2,1.362267,-52.486189
Series_2,1.363424,-52.496025
Series_2,1.364582,-52.504285
Series_2,1.365739,-52.516945
Series_2,1.366897,-52.525979
Series_2,1.368054,-52.533446
Series_2,1.369211,-52.542215
Series_2,1.370369,-52.551074
Series_2,1.371526,-52.562227
Series_2,1.372684,-52.573076
Series_2,1.373841,-52.586781
Series_2,1.374998,-52.595562
Series_2,1.376156,-52.604519
Series_2,1.377313,-52.611524
Series_2,1.378471,-52.621686
Series_2,1.379628,-52.630010
Series_2,1.380785,-52.644016
Series_2,1.381943,-52.658090
Series_2,1.383100,-52.685052
Series_2,1.384258,-52.723111
Series_2,1.385415,-52.764538
Series_2,1.386572,-52.809558
Series_2,1.387730,-52.828389
Series_2,1.388887,-52.850890
Series_2,1.390045,-52.862219
Series_2,1.391202,-52.874712
Series_2,1.392359,-52.883809
Series_2,1.393517,-52.897319
Series_2,1.394674,-52.911808
Series_2,1.395832,-52.925016
Series_2,1.396989,-52.937232
Series_2,1.398146,-52.946310
Series_2,1.399304,-52.959197
Series_2,1.400461,-52.965776
Series_2,1.401619,-52.978758
Series_2,1.402776,-52.988703
Series_2,1.403933,-52.996917
Series_2,1.405091,-53.008008
Series_2,1.406248,-53.014595
Series_2,1.407406,-53.022864
Series_2,1.408563,-53.031393
Series_2,1.409721,-53.037998
Series_2,1.410878,-53.049363
Series_2,1.412035,-53.056462
Series_2,1.413193,-53.067607
Series_2,1.414350,-53.077598
Series_2,1.415508,-53.088257
Series_2,1.416665,-53.099761
Series_2,1.417822,-53.112155
Series_2,1.418980,-53.120905
Series_2,1.420137,-53.128842
Series_2,1.421295,-53.136908
Series_2,1.422452,-53.149418
Series_2,1.423609,-53.160988
Series_2,1.424767,-53.170619
Series_2,1.425924,-53.176711
Series_2,1.427082,-53.180554
Series_2,1.428239,-53.187559
Series_2,1.429396,-53.200105
Series_2,1.430554,-53.210663
Series_2,1.431711,-53.219846
Series_2,1.432869,-53.232709
Series_2,1.434026,-53.244174
Series_2,1.435183,-53.254128
Series_2,1.436341,-53.263071
Series_2,1.437498,-53.271857
Series_2,1.438656,-53.282390
Series_2,1.439813,-53.290467
Series_2,1.440970,-53.299826
Series_2,1.442128,-53.310545
Series_2,1.443285,-53.327385
Series_2,1.444443,-53.337231
Series_2,1.445600,-53.347679
Series_2,1.446758,-53.354054
Series_2,1.447915,-53.360697
Series_2,1.449072,-53.367659
Series_2,1.450230,-53.376933
Series_2,1.451387,-53.386296
Series_2,1.452545,-53.397286
Series_2,1.453702,-53.406070
Series_2,1.454859,-53.414616
Series_2,1.456017,-53.424241
Series_2,1.457174,-53.438696
Series_2,1.458332,-53.449883
Series_2,1.459489,-53.457694
Series_2,1.460646,-53.464056
Series_2,1.461804,-53.473932
Series_2,1.462961,-53.483809
Series_2,1.464119,-53.493685
Series_2,1.465276,-53.503562
Series_2,1.466433,-53.513438
Series_2,1.467591,-53.523315
Series_2,1.468748,-53.533191
Series_2,1.469906,-53.543068
Series_2,1.471063,-53.552944
Series_2,1.472220,-53.562821
Series_2,1.473378,-53.572697
Series_2,1.474535,-53.582574
Series_2,1.475693,-53.592450
Series_2,1.476850,-53.602327
Series_2,1.478007,-53.612203
Series_2,1.479165,-53.622080
Series_2,1.480322,-53.631956
Series_2,1.481480,-53.641833
Series_2,1.482637,-53.651709
Series_2,1.483795,-53.661586
Series_2,1.484952,-53.671462
Series_2,1.486109,-53.681339
Series_2,1.487267,-53.691215
Series_2,1.488424,-53.701092
Series_2,1.489582,-53.710968
Series_2,1.490739,-53.720845
Series_2,1.491896,-53.730721
Series_2,1.493054,-53.740598
Series_2,1.494211,-53.750474
Series_2,1.495369,-53.760351
Series_2,1.496526,-53.770227
Series_2,1.497683,-53.780104
Series_2,1.498841,-53.789980
Series_2,1.499998,-53.799857
Series_2,1.501156,-53.809733
Series_2,1.502313,-53.819610
Series_2,1.503470,-53.829486
Series_2,1.504628,-53.839363
Series_2,1.505785,-53.849239
Series_2,1.506943,-53.859116
Series_2,1.508100,-53.868992
Series_2,1.509257,-53.878869
Series_2,1.510415,-53.888745
Series_2,1.511572,-53.898622
Series_2,1.512730,-53.908498
Series_2,1.513887,-53.918375
Series_2,1.515044,-53.928251
Series_2,1.516202,-53.938128
Series_2,1.517359,-53.948004
Series_2,1.518517,-53.957881
Series_2,1.519674,-53.967757
Series_2,1.520832,-53.977634
Series_2,1.521989,-53.987510
Series_2,1.523146,-53.997387
Series_2,1.524304,-54.007263
Series_2,1.525461,-54.017140
Series_2,1.526619,-54.027016
Series_2,1.527776,-54.036893
Series_2,1.528933,-54.046769
Series_2,1.530091,-54.056646
Series_2,1.531248,-54.066522
Series_2,1.532406,-54.076399
Series_2,1.533563,-54.086275
Series_2,1.534720,-54.096152
Series_2,1.535878,-54.106028
Series_2,1.537035,-54.115905
Series_2,1.538193,-54.123108
Series_2,1.539350,-54.130419
Series_2,1.540507,-54.141315
Series_2,1.541665,-54.148570
Series_2,1.542822,-54.154956
Series_2,1.543980,-54.163132
Series_2,1.545137,-54.173793
Series_2,1.546294,-54.182595
Series_2,1.547452,-54.190637
Series_2,1.548609,-54.200118
Series_2,1.549767,-54.216574
Series_2,1.550924,-54.223442
Series_2,1.552081,-54.234601
Series_2,1.553239,-54.243799
Series_2,1.554396,-54.254799
Series_2,1.555554,-54.261170
Series_2,1.556711,-54.268758
Series_2,1.557868,-54.276746
Series_2,1.559026,-54.289268
Series_2,1.560183,-54.296190
Series_2,1.561341,-54.302955
Series_2,1.562498,-54.307260
Series_2,1.563656,-54.310409
Series_2,1.564813,-54.314117
Series_2,1.565970,-54.317644
Series_2,1.567128,-54.318205
Series_2,1.568285,-54.315480
Series_2,1.569443,-54.312562
Series_2,1.570600,-54.310904
Series_2,1.571757,-54.311030
Series_2,1.572915,-54.314320
Series_2,1.574072,-54.319693
Series_2,1.575230,-54.325226
Series_2,1.576387,-54.330224
Series_2,1.577544,-54.336272
Series_2,1.578702,-54.344186
Series_2,1.579859,-54.356786
Series_2,1.581017,-54.370812
Series_2,1.582174,-54.378708
Series_2,1.583331,-54.393909
Series_2,1.584489,-54.407839
Series_2,1.585646,-54.415535
Series_2,1.586804,-54.425798
Series_2,1.587961,-54.433273
Series_2,1.589118,-54.444688
Series_2,1.590276,-54.451278
Series_2,1.591433,-54.462826
Series_2,1.592591,-54.469126
Series_2,1.593748,-54.474402
Series_2,1.594905,-54.481610
Series_2,1.596063,-54.493584
Series_2,1.597220,-54.504795
Series_2,1.598378,-54.514359
Series_2,1.599535,-54.524495
Series_2,1.600693,-54.529014
Series_2,1.601850,-54.540313
Series_2,1.603007,-54.555942
Series_2,1.604165,-54.565620
Series_2,1.605322,-54.581101
Series_2,1.606480,-54.591758
Series_2,1.607637,-54.600757
Series_2,1.608794,-54.609755
Series_2,1.609952,-54.621883
Series_2,1.611109,-54.627942
Series_2,1.612267,-54.635427
Series_2,1.613424,-54.644694
Series_2,1.614581,-54.655257
Series_2,1.615739,-54.667396
Series_2,1.616896,-54.679526
Series_2,1.618054,-54.691029
Series_2,1.619211,-54.701876
Series_2,1.620368,-54.710711
Series_2,1.621526,-54.718086
Series_2,1.622683,-54.724634
Series_2,1.623841,-54.734483
Series_2,1.624998,-54.740537
Series_2,1.626155,-54.741556
Series_2,1.627313,-54.739580
Series_2,1.628470,-54.737673
Series_2,1.629628,-54.739343
Series_2,1.630785,-54.741471
Series_2,1.631942,-54.741820
Series_2,1.633100,-54.741363
Series_2,1.634257,-54.741198
Series_2,1.635415,-54.740772
Series_2,1.636572,-54.745668
Series_2,1.637730,-54.756845
Series_2,1.638887,-54.766700
Series_2,1.640044,-54.777493
Series_2,1.641202,-54.787427
Series_2,1.642359,-54.800187
Series_2,1.643517,-54.805806
Series_2,1.644674,-54.815029
Series_2,1.645831,-54.828820
Series_2,1.646989,-54.838624
Series_2,1.648146,-54.849029
Series_2,1.649304,-54.854469
Series_2,1.650461,-54.865087
Series_2,1.651618,-54.877586
Series_2,1.652776,-54.888998
Series_2,1.653933,-54.896463
Series_2,1.655091,-54.900332
Series_2,1.656248,-54.910933
Series_2,1.657405,-54.917586
Series_2,1.658563,-54.928548
Series_2,1.659720,-54.940819
Series_2,1.660878,-54.965184
Series_2,1.662035,-54.980584
Series_2,1.663192,-54.988334
Series_2,1.664350,-54.993469
Series_2,1.665507,-55.006951
Series_2,1.666665,-55.018248
Series_2,1.667822,-55.027096
Series_2,1.668979,-55.037564
Series_2,1.670137,-55.056381
Series_2,1.671294,-55.064196
Series_2,1.672452,-55.067492
Series_2,1.673609,-55.071074
Series_2,1.674767,-55.077080
Series_2,1.675924,-55.078298
Series_2,1.677081,-55.073368
Series_2,1.678239,-55.053709
Series_2,1.679396,-55.052680
Series_2,1.680554,-55.056800
Series_2,1.681711,-55.063556
Series_2,1.682868,-55.078304
Series_2,1.684026,-55.095430
Series_2,1.685183,-55.104627
Series_2,1.686341,-55.112157
Series_2,1.687498,-55.119241
Series_2,1.688655,-55.128508
Series_2,1.689813,-55.135987
Series_2,1.690970,-55.144521
Series_2,1.692128,-55.153900
Series_2,1.693285,-55.165003
Series_2,1.694442,-55.176825
Series_2,1.695600,-55.188694
Series_2,1.696757,-55.197174
Series_2,1.697915,-55.204401
Series_2,1.699072,-55.218140
Series_2,1.700229,-55.233567
Series_2,1.701387,-55.243294
Series_2,1.702544,-55.255516
Series_2,1.703702,-55.265260
Series_2,1.704859,-55.269539
Series_2,1.706016,-55.275082
Series_2,1.707174,-55.284448
Series_2,1.708331,-55.292383
Series_2,1.709489,-55.296710
Series_2,1.710646,-55.305944
Series_2,1.711803,-55.315433
Series_2,1.712961,-55.324333
Series_2,1.714118,-55.331693
Series_2,1.715276,-55.350471
Series_2,1.716433,-55.378752
Series_2,1.717591,-55.390721
Series_2,1.718748,-55.402916
Series_2,1.719905,-55.411962
Series_2,1.721063,-55.420378
Series_2,1.722220,-55.428906
Series_2,1.723378,-55.431173
Series_2,1.724535,-55.426461
Series_2,1.725692,-55.419120
Series_2,1.726850,-55.416223
Series_2,1.728007,-55.411880
Series_2,1.729165,-55.412150
Series_2,1.730322,-55.404630
Series_2,1.731479,-55.403274
Series_2,1.732637,-55.415348
Series_2,1.733794,-55.439299
Series_2,1.734952,-55.444516
Series_2,1.736109,-55.454550
Series_2,1.737266,-55.496744
Series_2,1.738424,-55.505123
Series_2,1.739581,-55.494218
Series_2,1.740739,-55.531593
Series_2,1.741896,-55.538592
Series_2,1.743053,-55.541783
Series_2,1.744211,-55.550887
Series_2,1.745368,-55.557196
Series_2,1.746526,-55.563838
Series_2,1.747683,-55.571656
Series_2,1.748840,-55.585735
Series_2,1.749998,-55.592651
Series_2,1.751155,-55.607211
Series_2,1.752313,-55.620335
Series_2,1.753470,-55.628389
Series_2,1.754628,-55.633107
Series_2,1.755785,-55.637066
Series_2,1.756942,-55.645328
Series_2,1.758100,-55.650811
Series_2,1.759257,-55.654093
Series_2,1.760415,-55.657449
Series_2,1.761572,-55.658343
Series_2,1.762729,-55.656490
Series_2,1.763887,-55.655689
Series_2,1.765044,-55.655689
Series_2,1.766202,-55.655689
Series_2,1.767359,-55.654213
Series_2,1.768516,-55.654842
Series_2,1.769674,-55.655501
Series_2,1.770831,-55.660732
Series_2,1.771989,-55.667298
Series_2,1.773146,-55.681931
Series_2,1.774303,-55.692773
Series_2,1.775461,-55.700174
Series_2,1.776618,-55.707940
Series_2,1.777776,-55.730056
Series_2,1.778933,-55.735157
Series_2,1.780090,-55.730468
Series_2,1.781248,-55.730132
Series_2,1.782405,-55.734098
Series_2,1.783563,-55.738064
Series_2,1.784720,-55.742030
Series_2,1.785877,-55.745996
Series_2,1.787035,-55.749962
Series_2,1.788192,-55.753928
Series_2,1.789350,-55.757895
Series_2,1.790507,-55.761861
Series_2,1.791665,-55.765827
Series_2,1.792822,-55.769793
Series_2,1.793979,-55.773759
Series_2,1.795137,-55.777725
Series_2,1.796294,-55.781691
Series_2,1.797452,-55.785657
Series_2,1.798609,-55.789623
Series_2,1.799766,-55.793589
Series_2,1.800924,-55.797555
Series_2,1.802081,-55.801521
Series_2,1.803239,-55.805487
Series_2,1.804396,-55.809453
Series_2,1.805553,-55.813419
Series_2,1.806711,-55.817385
Series_2,1.807868,-55.821352
Series_2,1.809026,-55.825318
Series_2,1.810183,-55.829284
Series_2,1.811340,-55.833250
Series_2,1.812498,-55.837216
Series_2,1.813655,-55.841182
Series_2,1.814813,-55.845148
Series_2,1.815970,-55.849114
Series_2,1.817127,-55.853080
Series_2,1.818285,-55.857046
Series_2,1.819442,-55.861012
Series_2,1.820600,-55.864978
Series_2,1.821757,-55.868944
Series_2,1.822914,-55.872910
Series_2,1.824072,-55.876876
Series_2,1.825229,-55.880842
Series_2,1.826387,-55.884808
Series_2,1.827544,-55.888775
Series_2,1.828702,-55.892741
Series_2,1.829859,-55.896707
Series_2,1.831016,-55.900673
Series_2,1.832174,-55.904639
Series_2,1.833331,-55.908605
Series_2,1.834489,-55.912571
Series_2,1.835646,-55.916537
Series_2,1.836803,-55.920503
Series_2,1.837961,-55.924469
Series_2,1.839118,-55.928435
Series_2,1.840276,-55.932401
Series_2,1.841433,-55.936367
Series_2,1.842590,-55.940333
Series_2,1.843748,-55.944299
Series_2,1.844905,-55.948265
Series_2,1.846063,-55.952231
Series_2,1.847220,-55.956198
Series_2,1.848377,-55.960164
