x1,y1,x2,y2
0.012731,-11.260259,0.012731,-4.462964
0.013889,-11.257086,0.013889,-4.555490
0.015046,-11.256547,0.015046,-4.648016
0.016204,-11.256919,0.016204,-4.740542
0.017361,-11.256979,0.017361,-4.833068
0.018518,-11.257150,0.018518,-4.925594
0.019676,-11.256639,0.019676,-5.018120
0.020833,-11.256807,0.020833,-5.110646
0.021991,-11.258114,0.021991,-5.203172
0.023148,-11.257177,0.023148,-5.295698
0.024306,-11.258301,0.024306,-5.388224
0.025463,-11.257897,0.025463,-5.480750
0.026620,-11.255018,0.026620,-5.573276
0.027778,-11.256518,0.027778,-5.665802
0.028935,-11.256208,0.028935,-5.758328
0.030093,-11.259097,0.030093,-5.850854
0.031250,-11.294091,0.031250,-5.943380
0.032407,-11.329085,0.032407,-6.035906
0.033565,-11.364079,0.033565,-6.128432
0.034722,-11.399073,0.034722,-6.220958
0.035880,-11.434066,0.035880,-6.313484
0.037037,-11.469060,0.037037,-6.406010
0.038194,-11.504054,0.038194,-6.498536
0.039352,-11.539048,0.039352,-6.591062
0.040509,-11.574042,0.040509,-6.683588
0.041667,-11.609036,0.041667,-6.776114
0.042824,-11.644029,0.042824,-6.868640
0.043981,-11.679023,0.043981,-6.961166
0.045139,-11.714017,0.045139,-7.053692
0.046296,-11.749011,0.046296,-7.146218
0.047454,-11.784005,0.047454,-7.238744
0.048611,-11.818999,0.048611,-7.331270
0.049768,-11.853992,0.049768,-7.423796
0.050926,-11.888986,0.050926,-7.516322
0.052083,-11.923980,0.052083,-7.608848
0.053241,-11.958974,0.053241,-7.701374
0.054398,-11.993968,0.054398,-7.793900
0.055555,-12.028962,0.055555,-7.886426
0.056713,-12.063955,0.056713,-7.978952
0.057870,-12.098949,0.057870,-8.071478
0.059028,-12.133943,0.059028,-8.164004
0.060185,-12.168937,0.060185,-8.256530
0.061343,-12.203931,0.061343,-8.349056
0.062500,-12.238925,0.062500,-8.441582
0.063657,-12.273918,0.063657,-8.534108
0.064815,-12.308912,0.064815,-8.626634
0.065972,-12.343906,0.065972,-8.719160
0.067130,-12.378900,0.067130,-8.811686
0.068287,-12.413894,0.068287,-8.904212
0.069444,-12.448887,0.069444,-8.996738
0.070602,-12.483881,0.070602,-9.089264
0.071759,-12.518875,0.071759,-9.181790
0.072917,-12.553869,0.072917,-9.274316
0.074074,-12.588863,0.074074,-9.366842
0.075231,-12.623857,0.075231,-9.459368
0.076389,-12.658850,0.076389,-9.551894
0.077546,-12.693844,0.077546,-9.644420
0.078704,-12.728838,0.078704,-9.736946
0.079861,-12.763832,0.079861,-9.829472
0.081018,-12.798826,0.081018,-9.921998
0.082176,-12.833820,0.082176,-10.014524
0.083333,-12.868813,0.083333,-10.107050
0.084491,-12.903807,0.084491,-10.199577
0.085648,-12.938801,0.085648,-10.292103
0.086805,-12.973795,0.086805,-10.384629
0.087963,-13.008789,0.087963,-10.477155
0.089120,-13.043783,0.089120,-10.569681
0.090278,-13.078776,0.090278,-10.662207
0.091435,-13.113770,0.091435,-10.754733
0.092592,-13.148764,0.092592,-10.847259
0.093750,-13.183758,0.093750,-10.939785
0.094907,-13.218752,0.094907,-11.032311
0.096065,-13.253746,0.096065,-11.124837
0.097222,-13.288739,0.097222,-11.217363
0.098380,-13.323733,0.098380,-11.309889
0.099537,-13.358727,0.099537,-11.402415
0.100694,-13.393721,0.100694,-11.494941
0.101852,-13.428715,0.101852,-11.587467
0.103009,-13.463709,0.103009,-11.679993
0.104167,-13.498702,0.104167,-11.772519
0.105324,-13.533696,0.105324,-11.865045
0.106481,-13.568690,0.106481,-11.957571
0.107639,-13.603684,0.107639,-12.050097
0.108796,-13.769292,0.108796,-12.142623
0.109954,-13.839875,0.109954,-12.235149
0.111111,-13.910458,0.111111,-12.253451
0.112268,-13.981040,0.112268,-12.324106
0.113426,-14.051623,0.113426,-12.420498
0.114583,-14.122206,0.114583,-12.496045
0.115741,-14.192789,0.115741,-12.558641
0.116898,-14.263372,0.116898,-12.713653
0.118055,-14.333954,0.118055,-12.768090
0.119213,-14.404537,0.119213,-12.786074
0.120370,-14.475120,0.120370,-12.886888
0.121528,-14.545703,0.121528,-12.999004
0.122685,-14.616286,0.122685,-13.059352
0.123842,-14.686868,0.123842,-13.186130
0.125000,-14.757451,0.125000,-13.245160
0.126157,-14.828034,0.126157,-13.287915
0.127315,-14.898617,0.127315,-13.399400
0.128472,-14.969200,0.128472,-13.457529
0.129629,-15.039782,0.129629,-13.463961
0.130787,-15.110365,0.130787,-13.516523
0.131944,-15.180948,0.131944,-13.623051
0.133102,-15.251531,0.133102,-13.724890
0.134259,-15.322114,0.134259,-13.797128
0.135417,-15.392696,0.135417,-13.899536
0.136574,-15.463279,0.136574,-13.992301
0.137731,-15.533862,0.137731,-14.065462
0.138889,-15.604445,0.138889,-14.157599
0.140046,-15.675028,0.140046,-14.267292
0.141204,-15.745610,0.141204,-14.347845
0.142361,-15.816193,0.142361,-14.484704
0.143518,-15.886776,0.143518,-14.604350
0.144676,-15.957359,0.144676,-14.651976
0.145833,-16.027942,0.145833,-14.759442
0.146991,-16.098524,0.146991,-14.843751
0.148148,-16.169107,0.148148,-14.875218
0.149305,-16.239690,0.149305,-14.901098
0.150463,-16.310273,0.150463,-14.966106
0.151620,-16.380856,0.151620,-15.083654
0.152778,-16.451438,0.152778,-15.162391
0.153935,-16.522021,0.153935,-15.267360
0.155092,-16.592604,0.155092,-15.363845
0.156250,-16.663187,0.156250,-15.429931
0.157407,-16.733770,0.157407,-15.520671
0.158565,-16.804353,0.158565,-15.617446
0.159722,-16.862575,0.159722,-15.682654
0.160879,-16.999479,0.160879,-15.801658
0.162037,-17.076529,0.162037,-15.888641
0.163194,-17.083792,0.163194,-15.900349
0.164352,-17.138617,0.164352,-15.962503
0.165509,-17.250064,0.165509,-16.084402
0.166666,-17.299628,0.166666,-16.140082
0.167824,-17.286460,0.167824,-16.117523
0.168981,-17.316167,0.168981,-16.189098
0.170139,-17.448028,0.170139,-16.341511
0.171296,-17.501897,0.171296,-16.420096
0.172453,-17.542520,0.172453,-16.490014
0.173611,-17.623555,0.173611,-16.597629
0.174768,-17.686830,0.174768,-16.670204
0.175926,-17.747432,0.175926,-16.762313
0.177083,-17.859591,0.177083,-16.870413
0.178241,-17.903535,0.178241,-16.930330
0.179398,-17.929905,0.179398,-17.001316
0.180555,-18.008202,0.180555,-17.082355
0.181713,-18.051883,0.181713,-17.156763
0.182870,-18.085632,0.182870,-17.213877
0.184028,-18.154459,0.184028,-17.320129
0.185185,-18.211634,0.185185,-17.399338
0.186342,-18.224002,0.186342,-17.405753
0.187500,-18.264384,0.187500,-17.457498
0.188657,-18.364307,0.188657,-17.540371
0.189815,-18.431014,0.189815,-17.607350
0.190972,-18.486212,0.190972,-17.671638
0.192129,-18.536850,0.192129,-17.757152
0.193287,-18.604618,0.193287,-17.828042
0.194444,-18.675315,0.194444,-17.895900
0.195602,-18.776535,0.195602,-17.995739
0.196759,-18.832060,0.196759,-18.048613
0.197916,-18.885032,0.197916,-18.115250
0.199074,-18.988656,0.199074,-18.178763
0.200231,-19.056992,0.200231,-18.263604
0.201389,-19.083978,0.201389,-18.326696
0.202546,-19.187598,0.202546,-18.399134
0.203703,-19.243974,0.203703,-18.472123
0.204861,-19.305253,0.204861,-18.539780
0.206018,-19.354529,0.206018,-18.613287
0.207176,-19.478118,0.207176,-18.709706
0.208333,-19.545259,0.208333,-18.794616
0.209490,-19.620272,0.209490,-18.872655
0.210648,-19.691307,0.210648,-18.958053
0.211805,-19.759330,0.211805,-19.044525
0.212963,-19.797505,0.212963,-19.116877
0.214120,-19.902057,0.214120,-19.196713
0.215278,-19.963729,0.215278,-19.291642
0.216435,-20.019471,0.216435,-19.395141
0.217592,-20.098808,0.217592,-19.465035
0.218750,-20.160665,0.218750,-19.561601
0.219907,-20.196228,0.219907,-19.616157
0.221065,-20.264714,0.221065,-19.681773
0.222222,-20.316652,0.222222,-19.745010
0.223379,-20.365885,0.223379,-19.805807
0.224537,-20.415118,0.224537,-19.854888
0.225694,-20.464351,0.225694,-19.930722
0.226852,-20.513585,0.226852,-19.998059
0.228009,-20.562818,0.228009,-20.065396
0.229166,-20.612051,0.229166,-20.132733
0.230324,-20.661284,0.230324,-20.200069
0.231481,-20.710517,0.231481,-20.267406
0.232639,-20.759750,0.232639,-20.334743
0.233796,-20.808983,0.233796,-20.402080
0.234953,-20.858217,0.234953,-20.469417
0.236111,-20.907450,0.236111,-20.536754
0.237268,-20.956683,0.237268,-20.604090
0.238426,-21.005916,0.238426,-20.671427
0.239583,-21.055149,0.239583,-20.738764
0.240740,-21.104382,0.240740,-20.806101
0.241898,-21.153616,0.241898,-20.873438
0.243055,-21.202849,0.243055,-20.940775
0.244213,-21.252082,0.244213,-21.008111
0.245370,-21.301315,0.245370,-21.075448
0.246527,-21.350548,0.246527,-21.142785
0.247685,-21.399781,0.247685,-21.210122
0.248842,-21.449014,0.248842,-21.277459
0.250000,-21.498248,0.250000,-21.344796
0.251157,-21.547481,0.251157,-21.412132
0.252315,-21.596714,0.252315,-21.479469
0.253472,-21.645947,0.253472,-21.546806
0.254629,-21.695180,0.254629,-21.614143
0.255787,-21.744413,0.255787,-21.681480
0.256944,-21.793646,0.256944,-21.748816
0.258102,-21.842880,0.258102,-21.816153
0.259259,-21.892113,0.259259,-21.883490
0.260416,-21.941346,0.260416,-21.950827
0.261574,-21.990579,0.261574,-22.018164
0.262731,-22.039812,0.262731,-22.085501
0.263889,-22.089045,0.263889,-22.152837
0.265046,-22.138279,0.265046,-22.220174
0.266203,-22.187512,0.266203,-22.287511
0.267361,-22.236745,0.267361,-22.354848
0.268518,-22.285978,0.268518,-22.422185
0.269676,-22.335211,0.269676,-22.489522
0.270833,-22.384444,0.270833,-22.556858
0.271990,-22.433677,0.271990,-22.624195
0.273148,-22.482911,0.273148,-22.691532
0.274305,-22.532144,0.274305,-22.758869
0.275463,-22.581377,0.275463,-22.826206
0.276620,-22.630610,0.276620,-22.893543
0.277777,-22.679843,0.277777,-22.960879
0.278935,-22.729076,0.278935,-23.028216
0.280092,-22.778309,0.280092,-23.095553
0.281250,-22.827543,0.281250,-23.162890
0.282407,-22.876776,0.282407,-23.230227
0.283564,-22.926009,0.283564,-23.297564
0.284722,-22.975242,0.284722,-23.364900
0.285879,-23.024475,0.285879,-23.432237
0.287037,-23.073708,0.287037,-23.499574
0.288194,-23.122942,0.288194,-23.566911
0.289352,-23.172175,0.289352,-23.634248
0.290509,-23.221408,0.290509,-23.701585
0.291666,-23.270641,0.291666,-23.768921
0.292824,-23.319874,0.292824,-23.836258
0.293981,-23.369107,0.293981,-23.903595
0.295139,-23.418340,0.295139,-23.970932
0.296296,-23.467574,0.296296,-24.038269
0.297453,-23.516807,0.297453,-24.105606
0.298611,-23.579803,0.298611,-24.172942
0.299768,-23.637320,0.299768,-24.240354
0.300926,-23.719578,0.300926,-24.323905
0.302083,-23.790518,0.302083,-24.409198
0.303240,-23.845120,0.303240,-24.491323
0.304398,-23.932204,0.304398,-24.575007
0.305555,-24.009617,0.305555,-24.641969
0.306713,-24.076400,0.306713,-24.703507
0.307870,-24.158397,0.307870,-24.768319
0.309027,-24.236589,0.309027,-24.820290
0.310185,-24.263744,0.310185,-24.870618
0.311342,-24.311785,0.311342,-24.933114
0.312500,-24.374651,0.312500,-24.993836
0.313657,-24.423917,0.313657,-25.041169
0.314814,-24.462689,0.314814,-25.092339
0.315972,-24.535652,0.315972,-25.157762
0.317129,-24.643596,0.317129,-25.207385
0.318287,-24.659406,0.318287,-25.243900
0.319444,-24.714496,0.319444,-25.303513
0.320601,-24.762420,0.320601,-25.367064
0.321759,-24.791852,0.321759,-25.413555
0.322916,-24.839882,0.322916,-25.463689
0.324074,-24.895423,0.324074,-25.526326
0.325231,-24.934242,0.325231,-25.576725
0.326388,-24.967363,0.326388,-25.624561
0.327546,-25.018476,0.327546,-25.706794
0.328703,-25.051491,0.328703,-25.752263
0.329861,-25.065283,0.329861,-25.780462
0.331018,-25.130005,0.331018,-25.844927
0.332176,-25.181900,0.332176,-25.902782
0.333333,-25.224806,0.333333,-25.960637
0.334490,-25.267713,0.334490,-26.018491
0.335648,-25.310620,0.335648,-26.076346
0.336805,-25.353527,0.336805,-26.134201
0.337963,-25.396434,0.337963,-26.192056
0.339120,-25.439340,0.339120,-26.249911
0.340277,-25.482247,0.340277,-26.307765
0.341435,-25.525154,0.341435,-26.365620
0.342592,-25.568061,0.342592,-26.423475
0.343750,-25.610967,0.343750,-26.481330
0.344907,-25.653874,0.344907,-26.539185
0.346064,-25.696781,0.346064,-26.597040
0.347222,-25.739688,0.347222,-26.654894
0.348379,-25.782595,0.348379,-26.712749
0.349537,-25.825501,0.349537,-26.770604
0.350694,-25.868408,0.350694,-26.828459
0.351851,-25.911315,0.351851,-26.886314
0.353009,-25.954222,0.353009,-26.944169
0.354166,-25.997129,0.354166,-27.002023
0.355324,-26.040035,0.355324,-27.059878
0.356481,-26.082942,0.356481,-27.117733
0.357638,-26.125849,0.357638,-27.175588
0.358796,-26.168756,0.358796,-27.233443
0.359953,-26.211662,0.359953,-27.291297
0.361111,-26.254569,0.361111,-27.349152
0.362268,-26.297476,0.362268,-27.407007
0.363425,-26.340383,0.363425,-27.464862
0.364583,-26.383290,0.364583,-27.522717
0.365740,-26.426196,0.365740,-27.580572
0.366898,-26.469103,0.366898,-27.638426
0.368055,-26.512010,0.368055,-27.696281
0.369213,-26.554917,0.369213,-27.754136
0.370370,-26.597824,0.370370,-27.811991
0.371527,-26.640730,0.371527,-27.869846
0.372685,-26.683637,0.372685,-27.927700
0.373842,-26.726544,0.373842,-27.985555
0.375000,-26.769451,0.375000,-28.043410
0.376157,-26.812357,0.376157,-28.101265
0.377314,-26.855264,0.377314,-28.159120
0.378472,-26.898171,0.378472,-28.216975
0.379629,-26.941078,0.379629,-28.274829
0.380787,-26.983985,0.380787,-28.332684
0.381944,-27.026891,0.381944,-28.390539
0.383101,-27.069798,0.383101,-28.448394
0.384259,-27.112705,0.384259,-28.506249
0.385416,-27.155612,0.385416,-28.564104
0.386574,-27.198518,0.386574,-28.621958
0.387731,-27.241425,0.387731,-28.679813
0.388888,-27.284332,0.388888,-28.737668
0.390046,-27.327239,0.390046,-28.795523
0.391203,-27.370146,0.391203,-28.853378
0.392361,-27.413052,0.392361,-28.911232
0.393518,-27.455959,0.393518,-28.969087
0.394675,-27.498866,0.394675,-29.026942
0.395833,-27.541773,0.395833,-29.084797
0.396990,-27.584680,0.396990,-29.142652
0.398148,-27.627586,0.398148,-29.200507
0.399305,-27.670493,0.399305,-29.258361
0.400462,-27.713400,0.400462,-29.316216
0.401620,-27.756307,0.401620,-29.374071
0.402777,-27.799213,0.402777,-29.431926
0.403935,-27.842120,0.403935,-29.489781
0.405092,-27.885027,0.405092,-29.547635
0.406250,-27.927934,0.406250,-29.605490
0.407407,-27.970841,0.407407,-29.663345
0.408564,-28.013747,0.408564,-29.721200
0.409722,-28.056654,0.409722,-29.779055
0.410879,-28.150783,0.410879,-29.836910
0.412037,-28.187257,0.412037,-29.880182
0.413194,-28.209521,0.413194,-29.928429
0.414351,-28.271342,0.414351,-29.998611
0.415509,-28.275152,0.415509,-29.996878
0.416666,-28.279614,0.416666,-30.018631
0.417824,-28.361850,0.417824,-30.118697
0.418981,-28.393611,0.418981,-30.152658
0.420138,-28.413797,0.420138,-30.211827
0.421296,-28.450019,0.421296,-30.261425
0.422453,-28.460837,0.422453,-30.291504
0.423611,-28.485730,0.423611,-30.326928
0.424768,-28.533361,0.424768,-30.418787
0.425925,-28.551962,0.425925,-30.448086
0.427083,-28.541218,0.427083,-30.430168
0.428240,-28.561630,0.428240,-30.467590
0.429398,-28.634639,0.429398,-30.565655
0.430555,-28.674893,0.430555,-30.613934
0.431712,-28.680827,0.431712,-30.627110
0.432870,-28.709302,0.432870,-30.685604
0.434027,-28.753099,0.434027,-30.737815
0.435185,-28.791390,0.435185,-30.782179
0.436342,-28.866759,0.436342,-30.859841
0.437499,-28.905161,0.437499,-30.910936
0.438657,-28.939495,0.438657,-30.958695
0.439814,-29.013206,0.439814,-31.034049
0.440972,-29.051157,0.440972,-31.066492
0.442129,-29.090739,0.442129,-31.098191
0.443287,-29.193597,0.443287,-31.181727
0.444444,-29.230044,0.444444,-31.225891
0.445601,-29.215236,0.445601,-31.204271
0.446759,-29.238578,0.446759,-31.250592
0.447916,-29.333826,0.447916,-31.363664
0.449074,-29.367018,0.449074,-31.427308
0.450231,-29.373444,0.450231,-31.425446
0.451388,-29.409114,0.451388,-31.504635
0.452546,-29.468293,0.452546,-31.567450
0.453703,-29.479876,0.453703,-31.607401
0.454861,-29.538508,0.454861,-31.704951
0.456018,-29.595599,0.456018,-31.777202
0.457175,-29.619580,0.457175,-31.828658
0.458333,-29.719037,0.458333,-31.904644
0.459490,-29.727607,0.459490,-31.950103
0.460648,-29.734421,0.460648,-31.963115
0.461805,-29.782482,0.461805,-32.038183
0.462962,-29.811751,0.462962,-32.080744
0.464120,-29.810366,0.464120,-32.082845
0.465277,-29.807180,0.465277,-32.095405
0.466435,-29.873289,0.466435,-32.150484
0.467592,-29.901260,0.467592,-32.235258
0.468749,-29.918041,0.468749,-32.279058
0.469907,-29.943690,0.469907,-32.336705
0.471064,-29.997852,0.471064,-32.439714
0.472222,-30.021481,0.472222,-32.473767
0.473379,-30.069652,0.473379,-32.530467
0.474536,-30.101723,0.474536,-32.590975
0.475694,-30.101198,0.475694,-32.622027
0.476851,-30.153866,0.476851,-32.678681
0.478009,-30.200429,0.478009,-32.767417
0.479166,-30.209779,0.479166,-32.787792
0.480323,-30.242683,0.480323,-32.820007
0.481481,-30.261400,0.481481,-32.868534
0.482638,-30.290427,0.482638,-32.893331
0.483796,-30.301388,0.483796,-32.913403
0.484953,-30.348734,0.484953,-32.954426
0.486111,-30.401302,0.486111,-33.033264
0.487268,-30.436755,0.487268,-33.064852
0.488425,-30.474965,0.488425,-33.094823
0.489583,-30.548138,0.489583,-33.196264
0.490740,-30.583488,0.490740,-33.230929
0.491898,-30.627234,0.491898,-33.276268
0.493055,-30.658904,0.493055,-33.344223
0.494212,-30.665062,0.494212,-33.337298
0.495370,-30.701237,0.495370,-33.378338
0.496527,-30.770561,0.496527,-33.451103
0.497685,-30.785164,0.497685,-33.485457
0.498842,-30.793864,0.498842,-33.507444
0.499999,-30.822771,0.499999,-33.587185
0.501157,-30.860471,0.501157,-33.640580
0.502314,-30.864238,0.502314,-33.652157
0.503472,-30.909058,0.503472,-33.699095
0.504629,-30.963125,0.504629,-33.772228
0.505786,-30.981577,0.505786,-33.802839
0.506944,-31.007052,0.506944,-33.840608
0.508101,-31.056143,0.508101,-33.911387
0.509259,-31.072207,0.509259,-33.953969
0.510416,-31.087489,0.510416,-33.964652
0.511573,-31.131684,0.511573,-34.021011
0.512731,-31.150263,0.512731,-34.074968
0.513888,-31.170004,0.513888,-34.119796
0.515046,-31.215608,0.515046,-34.185244
0.516203,-31.242917,0.516203,-34.216821
0.517360,-31.237752,0.517360,-34.233227
0.518518,-31.273207,0.518518,-34.265019
0.519675,-31.319473,0.519675,-34.310914
0.520833,-31.325121,0.520833,-34.326271
0.521990,-31.329928,0.521990,-34.369221
0.523148,-31.359376,0.523148,-34.412171
0.524305,-31.388824,0.524305,-34.455120
0.525462,-31.418273,0.525462,-34.498070
0.526620,-31.447721,0.526620,-34.541020
0.527777,-31.477169,0.527777,-34.583970
0.528935,-31.506617,0.528935,-34.626920
0.530092,-31.536065,0.530092,-34.669870
0.531249,-31.565514,0.531249,-34.712820
0.532407,-31.594962,0.532407,-34.755770
0.533564,-31.624410,0.533564,-34.798720
0.534722,-31.653858,0.534722,-34.841670
0.535879,-31.683306,0.535879,-34.884620
0.537036,-31.712755,0.537036,-34.927570
0.538194,-31.742203,0.538194,-34.970520
0.539351,-31.771651,0.539351,-35.013470
0.540509,-31.801099,0.540509,-35.056420
0.541666,-31.830548,0.541666,-35.099370
0.542823,-31.859996,0.542823,-35.142319
0.543981,-31.889444,0.543981,-35.185269
0.545138,-31.918892,0.545138,-35.228219
0.546296,-31.948340,0.546296,-35.271169
0.547453,-31.977789,0.547453,-35.314119
0.548610,-32.007237,0.548610,-35.357069
0.549768,-32.036685,0.549768,-35.400019
0.550925,-32.066133,0.550925,-35.442969
0.552083,-32.095582,0.552083,-35.485919
0.553240,-32.125030,0.553240,-35.528869
0.554397,-32.154478,0.554397,-35.571819
0.555555,-32.183926,0.555555,-35.614769
0.556712,-32.213374,0.556712,-35.657719
0.557870,-32.242823,0.557870,-35.700669
0.559027,-32.272271,0.559027,-35.743619
0.560185,-32.301719,0.560185,-35.786569
0.561342,-32.331167,0.561342,-35.829518
0.562499,-32.360616,0.562499,-35.872468
0.563657,-32.390064,0.563657,-35.915418
0.564814,-32.419512,0.564814,-35.958368
0.565972,-32.448960,0.565972,-36.001318
0.567129,-32.478408,0.567129,-36.044268
0.568286,-32.507857,0.568286,-36.087218
0.569444,-32.537305,0.569444,-36.130168
0.570601,-32.566753,0.570601,-36.173118
0.571759,-32.596201,0.571759,-36.216068
0.572916,-32.625650,0.572916,-36.259018
0.574073,-32.655098,0.574073,-36.301968
0.575231,-32.684546,0.575231,-36.344918
0.576388,-32.713994,0.576388,-36.387868
0.577546,-32.743442,0.577546,-36.430818
0.578703,-32.772891,0.578703,-36.473768
0.579860,-32.802339,0.579860,-36.516717
0.581018,-32.831787,0.581018,-36.559667
0.582175,-32.861235,0.582175,-36.602617
0.583333,-32.890684,0.583333,-36.645567
0.584490,-32.920132,0.584490,-36.688517
0.585647,-32.949580,0.585647,-36.731467
0.586805,-32.979028,0.586805,-36.774417
0.587962,-33.008476,0.587962,-36.817367
0.589120,-33.037925,0.589120,-36.860317
0.590277,-33.067373,0.590277,-36.903267
0.591434,-33.096821,0.591434,-36.946217
0.592592,-33.126269,0.592592,-36.989167
0.593749,-33.155718,0.593749,-37.032117
0.594907,-33.209388,0.594907,-37.091546
0.596064,-33.239019,0.596064,-37.128559
0.597222,-33.256614,0.597222,-37.163561
0.598379,-33.302118,0.598379,-37.239966
0.599536,-33.316946,0.599536,-37.289598
0.600694,-33.335341,0.600694,-37.327767
0.601851,-33.379586,0.601851,-37.409959
0.603009,-33.372139,0.603009,-37.410274
0.604166,-33.373878,0.604166,-37.432109
0.605323,-33.418917,0.605323,-37.516270
0.606481,-33.435426,0.606481,-37.556421
0.607638,-33.436200,0.607638,-37.572094
0.608796,-33.461578,0.608796,-37.623940
0.609953,-33.482220,0.609953,-37.656337
0.611110,-33.493224,0.611110,-37.672866
0.612268,-33.506540,0.612268,-37.699620
0.613425,-33.546142,0.613425,-37.747332
0.614583,-33.587757,0.614583,-37.785403
0.615740,-33.611104,0.615740,-37.815242
0.616897,-33.653082,0.616897,-37.893841
0.618055,-33.686680,0.618055,-37.930364
0.619212,-33.706038,0.619212,-37.951210
0.620370,-33.758019,0.620370,-37.997209
0.621527,-33.777290,0.621527,-38.036543
0.622684,-33.781850,0.622684,-38.048667
0.623842,-33.823900,0.623842,-38.119467
0.624999,-33.848642,0.624999,-38.152851
0.626157,-33.858951,0.626157,-38.174163
0.627314,-33.877101,0.627314,-38.225081
0.628471,-33.905186,0.628471,-38.273178
0.629629,-33.891866,0.629629,-38.286179
0.630786,-33.899873,0.630786,-38.288165
0.631944,-33.932407,0.631944,-38.342566
0.633101,-33.951342,0.633101,-38.400668
0.634258,-33.961612,0.634258,-38.429415
0.635416,-33.999745,0.635416,-38.487869
0.636573,-34.023390,0.636573,-38.515053
0.637731,-34.015049,0.637731,-38.522975
0.638888,-34.041492,0.638888,-38.558719
0.640046,-34.090571,0.640046,-38.618090
0.641203,-34.099856,0.641203,-38.642631
0.642360,-34.148490,0.642360,-38.691314
0.643518,-34.175923,0.643518,-38.741893
0.644675,-34.188812,0.644675,-38.757373
0.645833,-34.216172,0.645833,-38.810821
0.646990,-34.247392,0.646990,-38.864391
0.648147,-34.234579,0.648147,-38.882821
0.649305,-34.236720,0.649305,-38.871188
0.650462,-34.260801,0.650462,-38.918412
0.651620,-34.292248,0.651620,-38.977016
0.652777,-34.304616,0.652777,-38.994462
0.653934,-34.311062,0.653934,-39.018059
0.655092,-34.337661,0.655092,-39.077062
0.656249,-34.348619,0.656249,-39.106728
0.657407,-34.384851,0.657407,-39.133559
0.658564,-34.466323,0.658564,-39.192986
0.659721,-34.479095,0.659721,-39.227478
0.660879,-34.513787,0.660879,-39.264785
0.662036,-34.562017,0.662036,-39.319652
0.663194,-34.568224,0.663194,-39.342170
0.664351,-34.599000,0.664351,-39.378159
0.665508,-34.670883,0.665508,-39.474058
0.666666,-34.682978,0.666666,-39.497214
0.667823,-34.638896,0.667823,-39.435240
0.668981,-34.660420,0.668981,-39.492204
0.670138,-34.747845,0.670138,-39.598930
0.671295,-34.771690,0.671295,-39.636780
0.672453,-34.776107,0.672453,-39.664437
0.673610,-34.784265,0.673610,-39.713153
0.674768,-34.808843,0.674768,-39.718949
0.675925,-34.830645,0.675925,-39.745279
0.677083,-34.867638,0.677083,-39.797270
0.678240,-34.889064,0.678240,-39.821763
0.679397,-34.924335,0.679397,-39.852298
0.680555,-34.971099,0.680555,-39.887425
0.681712,-34.969104,0.681712,-39.896369
0.682870,-34.985732,0.682870,-39.924585
0.684027,-35.032813,0.684027,-40.010535
0.685184,-35.055730,0.685184,-40.041701
0.686342,-35.046512,0.686342,-40.019463
0.687499,-35.042181,0.687499,-40.050667
0.688657,-35.060507,0.688657,-40.081872
0.689814,-35.078833,0.689814,-40.113076
0.690971,-35.097158,0.690971,-40.144281
0.692129,-35.115484,0.692129,-40.175485
0.693286,-35.133810,0.693286,-40.206690
0.694444,-35.152135,0.694444,-40.237894
0.695601,-35.170461,0.695601,-40.269099
0.696758,-35.188787,0.696758,-40.300303
0.697916,-35.207112,0.697916,-40.331508
0.699073,-35.225438,0.699073,-40.362712
0.700231,-35.243764,0.700231,-40.393917
0.701388,-35.262089,0.701388,-40.425121
0.702545,-35.280415,0.702545,-40.456326
0.703703,-35.298741,0.703703,-40.487530
0.704860,-35.317066,0.704860,-40.518735
0.706018,-35.335392,0.706018,-40.549939
0.707175,-35.353718,0.707175,-40.581144
0.708332,-35.372043,0.708332,-40.612348
0.709490,-35.390369,0.709490,-40.643553
0.710647,-35.408695,0.710647,-40.674757
0.711805,-35.427020,0.711805,-40.705962
0.712962,-35.445346,0.712962,-40.737166
0.714120,-35.463672,0.714120,-40.768371
0.715277,-35.481997,0.715277,-40.799575
0.716434,-35.500323,0.716434,-40.830780
0.717592,-35.518649,0.717592,-40.861984
0.718749,-35.536974,0.718749,-40.893189
0.719907,-35.555300,0.719907,-40.924393
0.721064,-35.573626,0.721064,-40.955598
0.722221,-35.591951,0.722221,-40.986802
0.723379,-35.610277,0.723379,-41.018007
0.724536,-35.628603,0.724536,-41.049211
0.725694,-35.646928,0.725694,-41.080416
0.726851,-35.665254,0.726851,-41.111620
0.728008,-35.683580,0.728008,-41.142825
0.729166,-35.701905,0.729166,-41.174029
0.730323,-35.720231,0.730323,-41.205234
0.731481,-35.738557,0.731481,-41.236438
0.732638,-35.756882,0.732638,-41.267643
0.733795,-35.775208,0.733795,-41.298847
0.734953,-35.793534,0.734953,-41.330052
0.736110,-35.811859,0.736110,-41.361256
0.737268,-35.830185,0.737268,-41.392461
0.738425,-35.848511,0.738425,-41.423665
0.739582,-35.866836,0.739582,-41.454870
0.740740,-35.885162,0.740740,-41.486074
0.741897,-35.903488,0.741897,-41.517279
0.743055,-35.921813,0.743055,-41.548483
0.744212,-35.940139,0.744212,-41.579688
0.745369,-35.958465,0.745369,-41.610892
0.746527,-35.976790,0.746527,-41.642097
0.747684,-35.995116,0.747684,-41.673302
0.748842,-36.013442,0.748842,-41.704506
0.749999,-36.031767,0.749999,-41.735711
0.751157,-36.050093,0.751157,-41.766915
0.752314,-36.068419,0.752314,-41.798120
0.753471,-36.086744,0.753471,-41.829324
0.754629,-36.105070,0.754629,-41.860529
0.755786,-36.123396,0.755786,-41.891733
0.756944,-36.141721,0.756944,-41.922938
0.758101,-36.160047,0.758101,-41.954142
0.759258,-36.178373,0.759258,-41.985347
0.760416,-36.196698,0.760416,-42.016551
0.761573,-36.215024,0.761573,-42.047756
0.762731,-36.223506,0.762731,-42.078960
0.763888,-36.245787,0.763888,-42.120300
0.765045,-36.267212,0.765045,-42.174306
0.766203,-36.292645,0.766203,-42.214011
0.767360,-36.318202,0.767360,-42.264039
0.768518,-36.337524,0.768518,-42.296225
0.769675,-36.341284,0.769675,-42.303432
0.770832,-36.371172,0.770832,-42.344591
0.771990,-36.393776,0.771990,-42.375471
0.773147,-36.413239,0.773147,-42.403880
0.774305,-36.469366,0.774305,-42.454084
0.775462,-36.488115,0.775462,-42.476702
0.776619,-36.468738,0.776619,-42.478654
0.777777,-36.487284,0.777777,-42.508600
0.778934,-36.524487,0.778934,-42.564559
0.780092,-36.522431,0.780092,-42.575875
0.781249,-36.521604,0.781249,-42.587180
0.782406,-36.565787,0.782406,-42.645083
0.783564,-36.586183,0.783564,-42.695722
0.784721,-36.606735,0.784721,-42.729384
0.785879,-36.638611,0.785879,-42.780869
0.787036,-36.661959,0.787036,-42.824636
0.788193,-36.679197,0.788193,-42.854249
0.789351,-36.717726,0.789351,-42.896937
0.790508,-36.728943,0.790508,-42.935057
0.791666,-36.733885,0.791666,-42.955986
0.792823,-36.771762,0.792823,-42.990340
0.793981,-36.788719,0.793981,-43.021259
0.795138,-36.794282,0.795138,-43.035562
0.796295,-36.806602,0.796295,-43.060829
0.797453,-36.820841,0.797453,-43.109760
0.798610,-36.830646,0.798610,-43.129929
0.799768,-36.813079,0.799768,-43.145219
0.800925,-36.825680,0.800925,-43.171473
0.802082,-36.852675,0.802082,-43.194688
0.803240,-36.865670,0.803240,-43.229117
0.804397,-36.892433,0.804397,-43.273943
0.805555,-36.913978,0.805555,-43.305641
0.806712,-36.915050,0.806712,-43.333110
0.807869,-36.975884,0.807869,-43.360068
0.809027,-36.986218,0.809027,-43.390092
0.810184,-36.991773,0.810184,-43.403292
0.811342,-37.017522,0.811342,-43.439872
0.812499,-37.028208,0.812499,-43.478256
0.813656,-37.033863,0.813656,-43.497769
0.814814,-37.043128,0.814814,-43.522462
0.815971,-37.072344,0.815971,-43.542649
0.817129,-37.098287,0.817129,-43.567503
0.818286,-37.103089,0.818286,-43.585617
0.819443,-37.116096,0.819443,-43.617275
0.820601,-37.145978,0.820601,-43.650407
0.821758,-37.148736,0.821758,-43.684027
0.822916,-37.163466,0.822916,-43.713950
0.824073,-37.175416,0.824073,-43.742129
0.825230,-37.174561,0.825230,-43.759526
0.826388,-37.181290,0.826388,-43.793269
0.827545,-37.187889,0.827545,-43.838232
0.828703,-37.195831,0.828703,-43.864257
0.829860,-37.205316,0.829860,-43.882916
0.831018,-37.223479,0.831018,-43.914368
0.832175,-37.242179,0.832175,-43.944448
0.833332,-37.245257,0.833332,-43.968969
0.834490,-37.255709,0.834490,-43.993398
0.835647,-37.325793,0.835647,-44.029925
0.836805,-37.318638,0.836805,-44.070288
0.837962,-37.341463,0.837962,-44.100492
0.839119,-37.431681,0.839119,-44.131505
0.840277,-37.437123,0.840277,-44.163031
0.841434,-37.453801,0.841434,-44.189820
0.842592,-37.489108,0.842592,-44.212402
0.843749,-37.506866,0.843749,-44.239987
0.844906,-37.512718,0.844906,-44.260014
0.846064,-37.521123,0.846064,-44.290443
0.847221,-37.524169,0.847221,-44.306664
0.848379,-37.530192,0.848379,-44.325220
0.849536,-37.536209,0.849536,-44.346853
0.850693,-37.541260,0.850693,-44.367186
0.851851,-37.538559,0.851851,-44.376949
0.853008,-37.531233,0.853008,-44.392405
0.854166,-37.560900,0.854166,-44.417926
0.855323,-37.581263,0.855323,-44.441176
0.856480,-37.585476,0.856480,-44.462279
0.857638,-37.613729,0.857638,-44.483642
0.858795,-37.643461,0.858795,-44.512634
0.859953,-37.645744,0.859953,-44.555580
0.861110,-37.675730,0.861110,-44.594145
0.862267,-37.715416,0.862267,-44.639765
0.863425,-37.729685,0.863425,-44.682311
0.864582,-37.746328,0.864582,-44.719372
0.865740,-37.770479,0.865740,-44.748668
0.866897,-37.774309,0.866897,-44.773687
0.868055,-37.794506,0.868055,-44.801169
0.869212,-37.815764,0.869212,-44.822416
0.870369,-37.819818,0.870369,-44.837824
0.871527,-37.825595,0.871527,-44.847147
0.872684,-37.833806,0.872684,-44.868419
0.873842,-37.835983,0.873842,-44.881752
0.874999,-37.836778,0.874999,-44.894499
0.876156,-37.848496,0.876156,-44.914717
0.877314,-37.869528,0.877314,-44.937882
0.878471,-37.881337,0.878471,-44.958416
0.879629,-37.903313,0.879629,-44.989039
0.880786,-37.919439,0.880786,-45.008456
0.881943,-37.923419,0.881943,-45.061153
0.883101,-37.930560,0.883101,-45.129963
0.884258,-37.938286,0.884258,-45.183957
0.885416,-37.941364,0.885416,-45.212566
0.886573,-37.965592,0.886573,-45.253233
0.887730,-37.983998,0.887730,-45.284120
0.888888,-37.997172,0.888888,-45.295237
0.890045,-38.010346,0.890045,-45.307977
0.891203,-38.023519,0.891203,-45.327344
0.892360,-38.036693,0.892360,-45.361783
0.893517,-38.049867,0.893517,-45.380993
0.894675,-38.063041,0.894675,-45.396449
0.895832,-38.076214,0.895832,-45.418354
0.896990,-38.089388,0.896990,-45.429523
0.898147,-38.102562,0.898147,-45.452104
0.899304,-38.115736,0.899304,-45.470038
0.900462,-38.128909,0.900462,-45.490882
0.901619,-38.142083,0.901619,-45.513555
0.902777,-38.155257,0.902777,-45.534202
0.903934,-38.168431,0.903934,-45.559905
0.905092,-38.181604,0.905092,-45.581593
0.906249,-38.194778,0.906249,-45.607640
0.907406,-38.207952,0.907406,-45.630017
0.908564,-38.221126,0.908564,-45.645479
0.909721,-38.234299,0.909721,-45.676978
0.910879,-38.247473,0.910879,-45.726453
0.912036,-38.260647,0.912036,-45.751630
0.913193,-38.273821,0.913193,-45.781534
0.914351,-38.286994,0.914351,-45.806793
0.915508,-38.300168,0.915508,-45.829069
0.916666,-38.313342,0.916666,-45.851613
0.917823,-38.326516,0.917823,-45.875875
0.918980,-38.339689,0.918980,-45.900026
0.920138,-38.352863,0.920138,-45.921200
0.921295,-38.366037,0.921295,-45.943499
0.922453,-38.379211,0.922453,-45.958458
0.923610,-38.392384,0.923610,-45.976301
0.924767,-38.405558,0.924767,-45.996024
0.925925,-38.418732,0.925925,-46.016077
0.927082,-38.431906,0.927082,-46.028273
0.928240,-38.445079,0.928240,-46.047289
0.929397,-38.458253,0.929397,-46.067961
0.930554,-38.471427,0.930554,-46.082690
0.931712,-38.484600,0.931712,-46.109204
0.932869,-38.497774,0.932869,-46.134317
0.934027,-38.510948,0.934027,-46.161878
0.935184,-38.524122,0.935184,-46.183839
0.936341,-38.537295,0.936341,-46.205921
0.937499,-38.550469,0.937499,-46.231621
0.938656,-38.563643,0.938656,-46.261518
0.939814,-38.576817,0.939814,-46.293830
0.940971,-38.589990,0.940971,-46.318447
0.942128,-38.603164,0.942128,-46.345857
0.943286,-38.616338,0.943286,-46.381082
0.944443,-38.629512,0.944443,-46.399093
0.945601,-38.642685,0.945601,-46.417725
0.946758,-38.655859,0.946758,-46.441173
0.947916,-38.669033,0.947916,-46.470741
0.949073,-38.682207,0.949073,-46.495373
0.950230,-38.695380,0.950230,-46.515786
0.951388,-38.708554,0.951388,-46.540491
0.952545,-38.721728,0.952545,-46.558420
0.953703,-38.734902,0.953703,-46.579885
0.954860,-38.748075,0.954860,-46.609039
0.956017,-38.761249,0.956017,-46.627250
0.957175,-38.774423,0.957175,-46.645687
0.958332,-38.787597,0.958332,-46.665463
0.959490,-38.800770,0.959490,-46.682440
0.960647,-38.813944,0.960647,-46.699933
0.961804,-38.827118,0.961804,-46.726347
0.962962,-38.831823,0.962962,-46.738543
0.964119,-38.832152,0.964119,-46.752621
0.965277,-38.842849,0.965277,-46.772121
0.966434,-38.852024,0.966434,-46.788533
0.967591,-38.860386,0.967591,-46.810211
0.968749,-38.866146,0.968749,-46.828685
0.969906,-38.877300,0.969906,-46.856158
0.971064,-38.881523,0.971064,-46.877634
0.972221,-38.886877,0.972221,-46.896511
0.973378,-38.890606,0.973378,-46.917104
0.974536,-38.899839,0.974536,-46.934431
0.975693,-38.915226,0.975693,-46.960790
0.976851,-38.926390,0.976851,-46.977177
0.978008,-38.939908,0.978008,-46.996857
0.979165,-38.948610,0.979165,-47.015466
0.980323,-38.956466,0.980323,-47.036943
0.981480,-38.965798,0.981480,-47.062419
0.982638,-38.968067,0.982638,-47.070654
0.983795,-38.969989,0.983795,-47.080839
0.984953,-38.973024,0.984953,-47.095829
0.986110,-38.977788,0.986110,-47.110035
0.987267,-38.987502,0.987267,-47.125088
0.988425,-38.993153,0.988425,-47.146055
0.989582,-39.011827,0.989582,-47.173625
0.990740,-39.024019,0.990740,-47.197308
0.991897,-39.034260,0.991897,-47.223936
0.993054,-39.043498,0.993054,-47.261318
0.994212,-39.048328,0.994212,-47.310613
0.995369,-39.064372,0.995369,-47.343493
0.996527,-39.080418,0.996527,-47.363257
0.997684,-39.084830,0.997684,-47.379935
0.998841,-39.101901,0.998841,-47.399749
0.999999,-39.120679,0.999999,-47.415730
1.001156,-39.132176,1.001156,-47.431225
1.002314,-39.136113,1.002314,-47.447499
1.003471,-39.144187,1.003471,-47.474139
1.004628,-39.149980,1.004628,-47.492340
1.005786,-39.152869,1.005786,-47.511326
1.006943,-39.157283,1.006943,-47.522560
1.008101,-39.167807,1.008101,-47.552866
1.009258,-39.175821,1.009258,-47.570802
1.010415,-39.185631,1.010415,-47.589460
1.011573,-39.198045,1.011573,-47.609906
1.012730,-39.214552,1.012730,-47.637291
1.013888,-39.225062,1.013888,-47.661997
1.015045,-39.233790,1.015045,-47.681796
1.016202,-39.243282,1.016202,-47.701836
1.017360,-39.249611,1.017360,-47.725190
1.018517,-39.256855,1.018517,-47.750910
1.019675,-39.265215,1.019675,-47.776626
1.020832,-39.272553,1.020832,-47.796363
1.021990,-39.285218,1.021990,-47.817253
1.023147,-39.295172,1.023147,-47.832676
1.024304,-39.298744,1.024304,-47.856818
1.025462,-39.305447,1.025462,-47.874126
1.026619,-39.314257,1.026619,-47.895033
1.027777,-39.325569,1.027777,-47.921283
1.028934,-39.330026,1.028934,-47.933239
1.030091,-39.341745,1.030091,-47.947905
1.031249,-39.342852,1.031249,-47.973816
1.032406,-39.358586,1.032406,-47.991369
1.033564,-39.378226,1.033564,-48.012825
1.034721,-39.389580,1.034721,-48.034416
1.035878,-39.405360,1.035878,-48.051735
1.037036,-39.414460,1.037036,-48.067818
1.038193,-39.423658,1.038193,-48.083979
1.039351,-39.428902,1.039351,-48.097255
1.040508,-39.434879,1.040508,-48.118814
1.041665,-39.454825,1.041665,-48.137877
1.042823,-39.473649,1.042823,-48.171372
1.043980,-39.489532,1.043980,-48.189310
1.045138,-39.528608,1.045138,-48.213674
1.046295,-39.559136,1.046295,-48.235370
1.047452,-39.563599,1.047452,-48.260555
1.048610,-39.579634,1.048610,-48.277300
1.049767,-39.594832,1.049767,-48.299944
1.050925,-39.606033,1.050925,-48.316841
1.052082,-39.616487,1.052082,-48.341741
1.053239,-39.625263,1.053239,-48.364113
1.054397,-39.632677,1.054397,-48.379112
1.055554,-39.644227,1.055554,-48.401576
1.056712,-39.649581,1.056712,-48.417689
1.057869,-39.652788,1.057869,-48.428454
1.059027,-39.658665,1.059027,-48.447240
1.060184,-39.665629,1.060184,-48.467853
1.061341,-39.673217,1.061341,-48.480536
1.062499,-39.679824,1.062499,-48.496032
1.063656,-39.691419,1.063656,-48.522029
1.064814,-39.698894,1.064814,-48.536993
1.065971,-39.707870,1.065971,-48.556581
1.067128,-39.716291,1.067128,-48.574882
1.068286,-39.726701,1.068286,-48.593837
1.069443,-39.737188,1.069443,-48.611164
1.070601,-39.744913,1.070601,-48.630743
1.071758,-39.751649,1.071758,-48.651723
1.072915,-39.761365,1.072915,-48.676032
1.074073,-39.774011,1.074073,-48.693874
1.075230,-39.785872,1.075230,-48.715679
1.076388,-39.792619,1.076388,-48.739026
1.077545,-39.793048,1.077545,-48.752234
1.078702,-39.795273,1.078702,-48.771894
1.079860,-39.811160,1.079860,-48.790043
1.081017,-39.821628,1.081017,-48.807959
1.082175,-39.829804,1.082175,-48.830049
1.083332,-39.835760,1.083332,-48.846908
1.084489,-39.839956,1.084489,-48.861449
1.085647,-39.846572,1.085647,-48.879417
1.086804,-39.859496,1.086804,-48.902661
1.087962,-39.860984,1.087962,-48.921815
1.089119,-39.859470,1.089119,-48.944274
1.090276,-39.862777,1.090276,-48.968446
1.091434,-39.880672,1.091434,-48.989241
1.092591,-39.888923,1.092591,-49.002432
1.093749,-39.858641,1.093749,-49.023199
1.094906,-39.852866,1.094906,-49.046364
1.096063,-39.852432,1.096063,-49.065566
1.097221,-39.856937,1.097221,-49.084595
1.098378,-39.865921,1.098378,-49.117770
1.099536,-39.872979,1.099536,-49.155501
1.100693,-39.874585,1.100693,-49.174911
1.101851,-39.884795,1.101851,-49.196764
1.103008,-39.900348,1.103008,-49.217012
1.104165,-39.914930,1.104165,-49.229886
1.105323,-39.959683,1.105323,-49.253603
1.106480,-39.978149,1.106480,-49.276361
1.107638,-39.958458,1.107638,-49.286900
1.108795,-39.983562,1.108795,-49.299452
1.109952,-40.010301,1.109952,-49.311395
1.111110,-40.023271,1.111110,-49.322297
1.112267,-40.037668,1.112267,-49.331387
1.113425,-40.044967,1.113425,-49.343181
1.114582,-40.053749,1.114582,-49.357294
1.115739,-40.058413,1.115739,-49.367949
1.116897,-40.066601,1.116897,-49.372573
1.118054,-40.091414,1.118054,-49.381514
1.119212,-40.092337,1.119212,-49.391842
1.120369,-40.098955,1.120369,-49.401707
1.121526,-40.110844,1.121526,-49.410839
1.122684,-40.122333,1.122684,-49.420422
1.123841,-40.136770,1.123841,-49.441949
1.124999,-40.146088,1.124999,-49.459224
1.126156,-40.151681,1.126156,-49.470322
1.127313,-40.161207,1.127313,-49.490940
1.128471,-40.165802,1.128471,-49.509508
1.129628,-40.173136,1.129628,-49.526780
1.130786,-40.180314,1.130786,-49.537285
1.131943,-40.185504,1.131943,-49.550906
1.133100,-40.191478,1.133100,-49.576078
1.134258,-40.202019,1.134258,-49.589395
1.135415,-40.214403,1.135415,-49.612460
1.136573,-40.226891,1.136573,-49.648927
1.137730,-40.237455,1.137730,-49.670314
1.138888,-40.250863,1.138888,-49.696432
1.140045,-40.262075,1.140045,-49.713525
1.141202,-40.270404,1.141202,-49.729931
1.142360,-40.277780,1.142360,-49.759515
1.143517,-40.292594,1.143517,-49.798499
1.144675,-40.300572,1.144675,-49.808838
1.145832,-40.307220,1.145832,-49.822670
1.146989,-40.319433,1.146989,-49.842562
1.148147,-40.325447,1.148147,-49.854684
1.149304,-40.328116,1.149304,-49.865103
1.150462,-40.327080,1.150462,-49.875822
1.151619,-40.321364,1.151619,-49.899478
1.152776,-40.319132,1.152776,-49.909375
1.153934,-40.318186,1.153934,-49.918131
1.155091,-40.318462,1.155091,-49.920469
1.156249,-40.322248,1.156249,-49.918540
1.157406,-40.323741,1.157406,-49.932467
1.158563,-40.320869,1.158563,-49.956684
1.159721,-40.323099,1.159721,-49.971937
1.160878,-40.332032,1.160878,-49.988820
1.162036,-40.345852,1.162036,-50.005703
1.163193,-40.357744,1.163193,-50.022587
1.164350,-40.374859,1.164350,-50.039470
1.165508,-40.389059,1.165508,-50.056353
1.166665,-40.397491,1.166665,-50.073236
1.167823,-40.396089,1.167823,-50.090120
1.168980,-40.401992,1.168980,-50.107003
1.170137,-40.418442,1.170137,-50.123886
1.171295,-40.423283,1.171295,-50.140769
1.172452,-40.430811,1.172452,-50.157653
1.173610,-39.672150,1.173610,-50.174536
1.174767,-39.672200,1.174767,-50.191419
1.175925,-39.692798,1.175925,-50.208302
1.177082,-39.713397,1.177082,-50.225186
1.178239,-39.733996,1.178239,-50.242069
1.179397,-39.754595,1.179397,-50.258952
1.180554,-39.775193,1.180554,-50.275835
1.181712,-39.795792,1.181712,-50.292719
1.182869,-39.816391,1.182869,-50.309602
1.184026,-39.836990,1.184026,-50.326485
1.185184,-39.857588,1.185184,-50.343368
1.186341,-39.878187,1.186341,-50.360252
1.187499,-39.898786,1.187499,-50.377135
1.188656,-39.919385,1.188656,-50.394018
1.189813,-39.939983,1.189813,-50.410901
1.190971,-39.960582,1.190971,-50.427785
1.192128,-39.981181,1.192128,-50.444668
1.193286,-40.001780,1.193286,-50.461551
1.194443,-40.022378,1.194443,-50.478434
1.195600,-40.042977,1.195600,-50.495318
1.196758,-40.063576,1.196758,-50.512201
1.197915,-40.084175,1.197915,-50.529084
1.199073,-40.104773,1.199073,-50.545967
1.200230,-40.125372,1.200230,-50.562851
1.201387,-40.145971,1.201387,-50.579734
1.202545,-40.166570,1.202545,-50.596617
1.203702,-40.187168,1.203702,-50.613500
1.204860,-40.207767,1.204860,-50.630384
1.206017,-40.228366,1.206017,-50.647267
1.207174,-40.248965,1.207174,-50.664150
1.208332,-40.269563,1.208332,-50.681033
1.209489,-40.290162,1.209489,-50.697917
1.210647,-40.310761,1.210647,-50.714800
1.211804,-40.331360,1.211804,-50.731683
1.212962,-40.351958,1.212962,-50.748566
1.214119,-40.372557,1.214119,-50.765450
1.215276,-40.393156,1.215276,-50.782333
1.216434,-40.413755,1.216434,-50.799216
1.217591,-40.434353,1.217591,-50.816100
1.218749,-40.454952,1.218749,-50.832983
1.219906,-40.475551,1.219906,-50.849866
1.221063,-40.496150,1.221063,-50.866749
1.222221,-40.516748,1.222221,-50.883633
1.223378,-40.537347,1.223378,-50.900516
1.224536,-40.557946,1.224536,-50.917399
1.225693,-40.578545,1.225693,-50.934282
1.226850,-40.599143,1.226850,-50.951166
1.228008,-40.619742,1.228008,-50.968049
1.229165,-40.640341,1.229165,-50.984932
1.230323,-40.660940,1.230323,-51.001815
1.231480,-40.681538,1.231480,-51.018699
1.232637,-40.702137,1.232637,-51.035582
1.233795,-40.722736,1.233795,-51.052465
1.234952,-40.743335,1.234952,-51.069348
1.236110,-40.763933,1.236110,-51.086232
1.237267,-40.784532,1.237267,-51.103115
1.238424,-40.794528,1.238424,-51.110695
1.239582,-40.802592,1.239582,-51.123107
1.240739,-40.833579,1.240739,-51.134838
1.241897,-40.821582,1.241897,-51.141296
1.243054,-40.825921,1.243054,-51.145866
1.244211,-40.841067,1.244211,-51.158638
1.245369,-40.854222,1.245369,-51.173410
1.246526,-40.861096,1.246526,-51.190965
1.247684,-40.869050,1.247684,-51.216899
1.248841,-40.888319,1.248841,-51.244121
1.249998,-40.890374,1.249998,-51.258401
1.251156,-40.903013,1.251156,-51.266911
1.252313,-40.919666,1.252313,-51.285403
1.253471,-40.931798,1.253471,-51.311273
1.254628,-40.938371,1.254628,-51.328635
1.255786,-40.944071,1.255786,-51.342516
1.256943,-40.947460,1.256943,-51.352855
1.258100,-40.947871,1.258100,-51.370122
1.259258,-40.950157,1.259258,-51.378061
1.260415,-40.952777,1.260415,-51.387920
1.261573,-40.953985,1.261573,-51.390377
1.262730,-40.956985,1.262730,-51.392778
1.263887,-40.953250,1.263887,-51.398768
1.265045,-40.947904,1.265045,-51.407164
1.266202,-40.948686,1.266202,-51.417520
1.267360,-40.953009,1.267360,-51.427464
1.268517,-40.952733,1.268517,-51.436888
1.269674,-40.957615,1.269674,-51.448672
1.270832,-40.962308,1.270832,-51.461026
1.271989,-40.969758,1.271989,-51.474204
1.273147,-40.977039,1.273147,-51.484606
1.274304,-40.987898,1.274304,-51.491381
1.275461,-40.998683,1.275461,-51.505485
1.276619,-41.002271,1.276619,-51.513994
1.277776,-41.014642,1.277776,-51.530261
1.278934,-41.027704,1.278934,-51.533719
1.280091,-41.025042,1.280091,-51.538806
1.281248,-41.022942,1.281248,-51.542207
1.282406,-41.025652,1.282406,-51.556435
1.283563,-41.034783,1.283563,-51.593059
1.284721,-41.039306,1.284721,-51.611265
1.285878,-41.028960,1.285878,-51.638224
1.287035,-41.026379,1.287035,-51.654830
1.288193,-41.026218,1.288193,-51.675846
1.289350,-41.027579,1.289350,-51.703809
1.290508,-41.034194,1.290508,-51.742459
1.291665,-41.040377,1.291665,-51.763975
1.292823,-41.045388,1.292823,-51.786121
1.293980,-41.050832,1.293980,-51.794971
1.295137,-41.066462,1.295137,-51.801715
1.296295,-41.077285,1.296295,-51.808217
1.297452,-41.091087,1.297452,-51.817176
1.298610,-41.095146,1.298610,-51.823945
1.299767,-41.087766,1.299767,-51.831312
1.300924,-41.101984,1.300924,-51.838129
1.302082,-41.123218,1.302082,-51.846957
1.303239,-41.139413,1.303239,-51.856935
1.304397,-41.148296,1.304397,-51.870550
1.305554,-41.155534,1.305554,-51.880402
1.306711,-41.152969,1.306711,-51.888516
1.307869,-41.151682,1.307869,-51.897026
1.309026,-41.157541,1.309026,-51.905746
1.310184,-41.158508,1.310184,-51.917366
1.311341,-41.158104,1.311341,-51.928143
1.312498,-41.155995,1.312498,-51.941218
1.313656,-41.153979,1.313656,-51.955957
1.314813,-41.152539,1.314813,-51.966479
1.315971,-41.152756,1.315971,-51.980237
1.317128,-41.154111,1.317128,-51.984781
1.318285,-41.157372,1.318285,-51.990019
1.319443,-41.160104,1.319443,-52.002806
1.320600,-41.167148,1.320600,-52.021501
1.321758,-41.175940,1.321758,-52.039589
1.322915,-41.191898,1.322915,-52.056294
1.324072,-41.205907,1.324072,-52.071841
1.325230,-41.215536,1.325230,-52.094923
1.326387,-41.223281,1.326387,-52.111325
1.327545,-41.222956,1.327545,-52.131933
1.328702,-41.226657,1.328702,-52.149039
1.329860,-41.239838,1.329860,-52.165768
1.331017,-41.258031,1.331017,-52.180757
1.332174,-41.261346,1.332174,-52.201254
1.333332,-41.261271,1.333332,-52.211212
1.334489,-41.258436,1.334489,-52.219896
1.335647,-41.257032,1.335647,-52.230441
1.336804,-41.264592,1.336804,-52.244808
1.337961,-41.259966,1.337961,-52.253050
1.339119,-41.247159,1.339119,-52.258165
1.340276,-41.242375,1.340276,-52.264974
1.341434,-41.249725,1.341434,-52.277637
1.342591,-41.258624,1.342591,-52.285331
1.343748,-41.268448,1.343748,-52.300273
1.344906,-41.277015,1.344906,-52.311749
1.346063,-41.289752,1.346063,-52.329151
1.347221,-41.303686,1.347221,-52.339877
1.348378,-41.317360,1.348378,-52.352620
1.349535,-41.322599,1.349535,-52.362116
1.350693,-41.331579,1.350693,-52.375294
1.351850,-41.333732,1.351850,-52.385717
1.353008,-41.347480,1.353008,-52.399479
1.354165,-41.361426,1.354165,-52.407278
1.355322,-41.372983,1.355322,-52.420710
1.356480,-41.372130,1.356480,-52.433395
1.357637,-41.365505,1.357637,-52.446191
1.358795,-41.361059,1.358795,-52.457561
1.359952,-41.360785,1.359952,-52.467472
1.361109,-41.359418,1.361109,-52.474432
1.362267,-41.358099,1.362267,-52.486189
1.363424,-41.356223,1.363424,-52.496025
1.364582,-41.355384,1.364582,-52.504285
1.365739,-41.356527,1.365739,-52.516945
1.366897,-41.363116,1.366897,-52.525979
1.368054,-41.379391,1.368054,-52.533446
1.369211,-41.391571,1.369211,-52.542215
1.370369,-41.399688,1.370369,-52.551074
1.371526,-41.406740,1.371526,-52.562227
1.372684,-41.415417,1.372684,-52.573076
1.373841,-41.420730,1.373841,-52.586781
1.374998,-41.431694,1.374998,-52.595562
1.376156,-41.442686,1.376156,-52.604519
1.377313,-41.458361,1.377313,-52.611524
1.378471,-41.459688,1.378471,-52.621686
1.379628,-41.469984,1.379628,-52.630010
1.380785,-41.478225,1.380785,-52.644016
1.381943,-41.481448,1.381943,-52.658090
1.383100,-41.478962,1.383100,-52.685052
1.384258,-41.478135,1.384258,-52.723111
1.385415,-41.477824,1.385415,-52.764538
1.386572,-41.476824,1.386572,-52.809558
1.387730,-41.469548,1.387730,-52.828389
1.388887,-41.464128,1.388887,-52.850890
1.390045,-41.463909,1.390045,-52.862219
1.391202,-41.471310,1.391202,-52.874712
1.392359,-41.477984,1.392359,-52.883809
1.393517,-41.486104,1.393517,-52.897319
1.394674,-41.489036,1.394674,-52.911808
1.395832,-41.499388,1.395832,-52.925016
1.396989,-41.513631,1.396989,-52.937232
1.398146,-41.524773,1.398146,-52.946310
1.399304,-41.533089,1.399304,-52.959197
1.400461,-41.544626,1.400461,-52.965776
1.401619,-41.561709,1.401619,-52.978758
1.402776,-41.567828,1.402776,-52.988703
1.403933,-41.565982,1.403933,-52.996917
1.405091,-41.563371,1.405091,-53.008008
1.406248,-41.558137,1.406248,-53.014595
1.407406,-41.552185,1.407406,-53.022864
1.408563,-41.556743,1.408563,-53.031393
1.409721,-41.556574,1.409721,-53.037998
1.410878,-41.561909,1.410878,-53.049363
1.412035,-41.564113,1.412035,-53.056462
1.413193,-41.565062,1.413193,-53.067607
1.414350,-41.565540,1.414350,-53.077598
1.415508,-41.564531,1.415508,-53.088257
1.416665,-41.563018,1.416665,-53.099761
1.417822,-41.562789,1.417822,-53.112155
1.418980,-41.563338,1.418980,-53.120905
1.420137,-41.562406,1.420137,-53.128842
1.421295,-41.562584,1.421295,-53.136908
1.422452,-41.562861,1.422452,-53.149418
1.423609,-41.562406,1.423609,-53.160988
1.424767,-41.561942,1.424767,-53.170619
1.425924,-41.561969,1.425924,-53.176711
1.427082,-41.560636,1.427082,-53.180554
1.428239,-41.562589,1.428239,-53.187559
1.429396,-41.573713,1.429396,-53.200105
1.430554,-41.579008,1.430554,-53.210663
1.431711,-41.586664,1.431711,-53.219846
1.432869,-41.596011,1.432869,-53.232709
1.434026,-41.614079,1.434026,-53.244174
1.435183,-41.632119,1.435183,-53.254128
1.436341,-41.660012,1.436341,-53.263071
1.437498,-41.674968,1.437498,-53.271857
1.438656,-41.681336,1.438656,-53.282390
1.439813,-41.686605,1.439813,-53.290467
1.440970,-41.689750,1.440970,-53.299826
1.442128,-41.690172,1.442128,-53.310545
1.443285,-41.691498,1.443285,-53.327385
1.444443,-41.692058,1.444443,-53.337231
1.445600,-41.693915,1.445600,-53.347679
1.446758,-41.692830,1.446758,-53.354054
1.447915,-41.686351,1.447915,-53.360697
1.449072,-41.681798,1.449072,-53.367659
1.450230,-41.680103,1.450230,-53.376933
1.451387,-41.680405,1.451387,-53.386296
1.452545,-41.682452,1.452545,-53.397286
1.453702,-41.683705,1.453702,-53.406070
1.454859,-41.686228,1.454859,-53.414616
1.456017,-41.692239,1.456017,-53.424241
1.457174,-41.696097,1.457174,-53.438696
1.458332,-41.713202,1.458332,-53.449883
1.459489,-41.734213,1.459489,-53.457694
1.460646,-41.742046,1.460646,-53.464056
1.461804,-41.749798,1.461804,-53.473932
1.462961,-41.753497,1.462961,-53.483809
1.464119,-41.757196,1.464119,-53.493685
1.465276,-41.760895,1.465276,-53.503562
1.466433,-41.764594,1.466433,-53.513438
1.467591,-41.768293,1.467591,-53.523315
1.468748,-41.771992,1.468748,-53.533191
1.469906,-41.775691,1.469906,-53.543068
1.471063,-41.779390,1.471063,-53.552944
1.472220,-41.783089,1.472220,-53.562821
1.473378,-41.786787,1.473378,-53.572697
1.474535,-41.790486,1.474535,-53.582574
1.475693,-41.794185,1.475693,-53.592450
1.476850,-41.797884,1.476850,-53.602327
1.478007,-41.801583,1.478007,-53.612203
1.479165,-41.805282,1.479165,-53.622080
1.480322,-41.808981,1.480322,-53.631956
1.481480,-41.812680,1.481480,-53.641833
1.482637,-41.816379,1.482637,-53.651709
1.483795,-41.820078,1.483795,-53.661586
1.484952,-41.823777,1.484952,-53.671462
1.486109,-41.827476,1.486109,-53.681339
1.487267,-41.831175,1.487267,-53.691215
1.488424,-41.834874,1.488424,-53.701092
1.489582,-41.838573,1.489582,-53.710968
1.490739,-41.842272,1.490739,-53.720845
1.491896,-41.845971,1.491896,-53.730721
1.493054,-41.849670,1.493054,-53.740598
1.494211,-41.853369,1.494211,-53.750474
1.495369,-41.857068,1.495369,-53.760351
1.496526,-41.860767,1.496526,-53.770227
1.497683,-41.864465,1.497683,-53.780104
1.498841,-41.868164,1.498841,-53.789980
1.499998,-41.871863,1.499998,-53.799857
1.501156,-41.875562,1.501156,-53.809733
1.502313,-41.879261,1.502313,-53.819610
1.503470,-41.882960,1.503470,-53.829486
1.504628,-41.886659,1.504628,-53.839363
1.505785,-41.890358,1.505785,-53.849239
1.506943,-41.894057,1.506943,-53.859116
1.508100,-41.897756,1.508100,-53.868992
1.509257,-41.901455,1.509257,-53.878869
1.510415,-41.905154,1.510415,-53.888745
1.511572,-41.908853,1.511572,-53.898622
1.512730,-41.912552,1.512730,-53.908498
1.513887,-41.916251,1.513887,-53.918375
1.515044,-41.919950,1.515044,-53.928251
1.516202,-41.923649,1.516202,-53.938128
1.517359,-41.927348,1.517359,-53.948004
1.518517,-41.931047,1.518517,-53.957881
1.519674,-41.934746,1.519674,-53.967757
1.520832,-41.938445,1.520832,-53.977634
1.521989,-41.942144,1.521989,-53.987510
1.523146,-41.945842,1.523146,-53.997387
1.524304,-41.949541,1.524304,-54.007263
1.525461,-41.953240,1.525461,-54.017140
1.526619,-41.956939,1.526619,-54.027016
1.527776,-41.960638,1.527776,-54.036893
1.528933,-41.964337,1.528933,-54.046769
1.530091,-41.968036,1.530091,-54.056646
1.531248,-41.971735,1.531248,-54.066522
1.532406,-41.975434,1.532406,-54.076399
1.533563,-41.979133,1.533563,-54.086275
1.534720,-41.982832,1.534720,-54.096152
1.535878,-41.986531,1.535878,-54.106028
1.537035,-41.990230,1.537035,-54.115905
1.538193,-41.993929,1.538193,-54.123108
1.539350,-41.995162,1.539350,-54.130419
1.540507,-41.991876,1.540507,-54.141315
1.541665,-41.989863,1.541665,-54.148570
1.542822,-41.989446,1.542822,-54.154956
1.543980,-41.988670,1.543980,-54.163132
1.545137,-41.990858,1.545137,-54.173793
1.546294,-41.990416,1.546294,-54.182595
1.547452,-41.990955,1.547452,-54.190637
1.548609,-41.989200,1.548609,-54.200118
1.549767,-41.987679,1.549767,-54.216574
1.550924,-41.986267,1.550924,-54.223442
1.552081,-41.985671,1.552081,-54.234601
1.553239,-41.985983,1.553239,-54.243799
1.554396,-41.986073,1.554396,-54.254799
1.555554,-41.987691,1.555554,-54.261170
1.556711,-41.989988,1.556711,-54.268758
1.557868,-41.992127,1.557868,-54.276746
1.559026,-41.990974,1.559026,-54.289268
1.560183,-41.991131,1.560183,-54.296190
1.561341,-41.993590,1.561341,-54.302955
1.562498,-41.994552,1.562498,-54.307260
1.563656,-41.994204,1.563656,-54.310409
1.564813,-41.996333,1.564813,-54.314117
1.565970,-41.999023,1.565970,-54.317644
1.567128,-42.006771,1.567128,-54.318205
1.568285,-42.022250,1.568285,-54.315480
1.569443,-42.038028,1.569443,-54.312562
1.570600,-42.049229,1.570600,-54.310904
1.571757,-42.059971,1.571757,-54.311030
1.572915,-42.062240,1.572915,-54.314320
1.574072,-42.066845,1.574072,-54.319693
1.575230,-42.077953,1.575230,-54.325226
1.576387,-42.083746,1.576387,-54.330224
1.577544,-42.081205,1.577544,-54.336272
1.578702,-42.080901,1.578702,-54.344186
1.579859,-42.076735,1.579859,-54.356786
1.581017,-42.070882,1.581017,-54.370812
1.582174,-42.071494,1.582174,-54.378708
1.583331,-42.070490,1.583331,-54.393909
1.584489,-42.068646,1.584489,-54.407839
1.585646,-42.067570,1.585646,-54.415535
1.586804,-42.068338,1.586804,-54.425798
1.587961,-42.067858,1.587961,-54.433273
1.589118,-42.068347,1.589118,-54.444688
1.590276,-42.069398,1.590276,-54.451278
1.591433,-42.069198,1.591433,-54.462826
1.592591,-42.068759,1.592591,-54.469126
1.593748,-42.068714,1.593748,-54.474402
1.594905,-42.068871,1.594905,-54.481610
1.596063,-42.071554,1.596063,-54.493584
1.597220,-42.070110,1.597220,-54.504795
1.598378,-42.069864,1.598378,-54.514359
1.599535,-42.068601,1.599535,-54.524495
1.600693,-42.069366,1.600693,-54.529014
1.601850,-42.069092,1.601850,-54.540313
1.603007,-42.069151,1.603007,-54.555942
1.604165,-42.068620,1.604165,-54.565620
1.605322,-42.068789,1.605322,-54.581101
1.606480,-42.070809,1.606480,-54.591758
1.607637,-42.074560,1.607637,-54.600757
1.608794,-42.078281,1.608794,-54.609755
1.609952,-42.081825,1.609952,-54.621883
1.611109,-42.082255,1.611109,-54.627942
1.612267,-42.089792,1.612267,-54.635427
1.613424,-42.094196,1.613424,-54.644694
1.614581,-42.100303,1.614581,-54.655257
1.615739,-42.110268,1.615739,-54.667396
1.616896,-42.129727,1.616896,-54.679526
1.618054,-42.149712,1.618054,-54.691029
1.619211,-42.164225,1.619211,-54.701876
1.620368,-42.173796,1.620368,-54.710711
1.621526,-42.175598,1.621526,-54.718086
1.622683,-42.180696,1.622683,-54.724634
1.623841,-42.221208,1.623841,-54.734483
1.624998,-42.225428,1.624998,-54.740537
1.626155,-42.213962,1.626155,-54.741556
1.627313,-42.195874,1.627313,-54.739580
1.628470,-42.190350,1.628470,-54.737673
1.629628,-42.186006,1.629628,-54.739343
1.630785,-42.186938,1.630785,-54.741471
1.631942,-42.190507,1.631942,-54.741820
1.633100,-42.197959,1.633100,-54.741363
1.634257,-42.198656,1.634257,-54.741198
1.635415,-42.198511,1.635415,-54.740772
1.636572,-42.198104,1.636572,-54.745668
1.637730,-42.195994,1.637730,-54.756845
1.638887,-42.196208,1.638887,-54.766700
1.640044,-42.194879,1.640044,-54.777493
1.641202,-42.194297,1.641202,-54.787427
1.642359,-42.195512,1.642359,-54.800187
1.643517,-42.195968,1.643517,-54.805806
1.644674,-42.194504,1.644674,-54.815029
1.645831,-42.194504,1.645831,-54.828820
1.646989,-42.194603,1.646989,-54.838624
1.648146,-42.194603,1.648146,-54.849029
1.649304,-42.193053,1.649304,-54.854469
1.650461,-42.193697,1.650461,-54.865087
1.651618,-42.195187,1.651618,-54.877586
1.652776,-42.196587,1.652776,-54.888998
1.653933,-42.196934,1.653933,-54.896463
1.655091,-42.198395,1.655091,-54.900332
1.656248,-42.203646,1.656248,-54.910933
1.657405,-42.206106,1.657405,-54.917586
1.658563,-42.208528,1.658563,-54.928548
1.659720,-42.211817,1.659720,-54.940819
1.660878,-42.219138,1.660878,-54.965184
1.662035,-42.226097,1.662035,-54.980584
1.663192,-42.238699,1.663192,-54.988334
1.664350,-42.254484,1.664350,-54.993469
1.665507,-42.293577,1.665507,-55.006951
1.666665,-42.303370,1.666665,-55.018248
1.667822,-42.303205,1.667822,-55.027096
1.668979,-42.312176,1.668979,-55.037564
1.670137,-42.323081,1.670137,-55.056381
1.671294,-42.328349,1.671294,-55.064196
1.672452,-42.330657,1.672452,-55.067492
1.673609,-42.339266,1.673609,-55.071074
1.674767,-42.343476,1.674767,-55.077080
1.675924,-42.347328,1.675924,-55.078298
1.677081,-42.350806,1.677081,-55.073368
1.678239,-42.352412,1.678239,-55.053709
1.679396,-42.352700,1.679396,-55.052680
1.680554,-42.352557,1.680554,-55.056800
1.681711,-42.353390,1.681711,-55.063556
1.682868,-42.353390,1.682868,-55.078304
1.684026,-42.353141,1.684026,-55.095430
1.685183,-42.353141,1.685183,-55.104627
1.686341,-42.353141,1.686341,-55.112157
1.687498,-42.353399,1.687498,-55.119241
1.688655,-42.354015,1.688655,-55.128508
1.689813,-42.354222,1.689813,-55.135987
1.690970,-42.353961,1.690970,-55.144521
1.692128,-42.354642,1.692128,-55.153900
1.693285,-42.358298,1.693285,-55.165003
1.694442,-42.358544,1.694442,-55.176825
1.695600,-42.357669,1.695600,-55.188694
1.696757,-42.357574,1.696757,-55.197174
1.697915,-42.357042,1.697915,-55.204401
1.699072,-42.356478,1.699072,-55.218140
1.700229,-42.353464,1.700229,-55.233567
1.701387,-42.349690,1.701387,-55.243294
1.702544,-42.341745,1.702544,-55.255516
1.703702,-42.331304,1.703702,-55.265260
1.704859,-42.328963,1.704859,-55.269539
1.706016,-42.327259,1.706016,-55.275082
1.707174,-42.328269,1.707174,-55.284448
1.708331,-42.333481,1.708331,-55.292383
1.709489,-42.327667,1.709489,-55.296710
1.710646,-42.332721,1.710646,-55.305944
1.711803,-42.357689,1.711803,-55.315433
1.712961,-42.365263,1.712961,-55.324333
1.714118,-42.394895,1.714118,-55.331693
1.715276,-42.428532,1.715276,-55.350471
1.716433,-42.424835,1.716433,-55.378752
1.717591,-42.439192,1.717591,-55.390721
1.718748,-42.442548,1.718748,-55.402916
1.719905,-42.445083,1.719905,-55.411962
1.721063,-42.451323,1.721063,-55.420378
1.722220,-42.452781,1.722220,-55.428906
1.723378,-42.454436,1.723378,-55.431173
1.724535,-42.455944,1.724535,-55.426461
1.725692,-42.455127,1.725692,-55.419120
1.726850,-42.456758,1.726850,-55.416223
1.728007,-42.456787,1.728007,-55.411880
1.729165,-42.456787,1.729165,-55.412150
1.730322,-42.455893,1.730322,-55.404630
1.731479,-42.455664,1.731479,-55.403274
1.732637,-42.455664,1.732637,-55.415348
1.733794,-42.455664,1.733794,-55.439299
1.734952,-42.455457,1.734952,-55.444516
1.736109,-42.455457,1.736109,-55.454550
1.737266,-42.455070,1.737266,-55.496744
1.738424,-42.455575,1.738424,-55.505123
1.739581,-42.456126,1.739581,-55.494218
1.740739,-42.456401,1.740739,-55.531593
1.741896,-42.455720,1.741896,-55.538592
1.743053,-42.455513,1.743053,-55.541783
1.744211,-42.455306,1.744211,-55.550887
1.745368,-42.455306,1.745368,-55.557196
1.746526,-42.455443,1.746526,-55.563838
1.747683,-42.455443,1.747683,-55.571656
1.748840,-42.455030,1.748840,-55.585735
1.749998,-42.455030,1.749998,-55.592651
1.751155,-42.455210,1.751155,-55.607211
1.752313,-42.455713,1.752313,-55.620335
1.753470,-42.456084,1.753470,-55.628389
1.754628,-42.456310,1.754628,-55.633107
1.755785,-42.456810,1.755785,-55.637066
1.756942,-42.456810,1.756942,-55.645328
1.758100,-42.456397,1.758100,-55.650811
1.759257,-42.456397,1.759257,-55.654093
1.760415,-42.455548,1.760415,-55.657449
1.761572,-42.455822,1.761572,-55.658343
1.762729,-42.456751,1.762729,-55.656490
1.763887,-42.456660,1.763887,-55.655689
1.765044,-42.456340,1.765044,-55.655689
1.766202,-42.456340,1.766202,-55.655689
1.767359,-42.447859,1.767359,-55.654213
1.768516,-42.444171,1.768516,-55.654842
1.769674,-42.443029,1.769674,-55.655501
1.770831,-42.450303,1.770831,-55.660732
1.771989,-42.459952,1.771989,-55.667298
1.773146,-42.465694,1.773146,-55.681931
1.774303,-42.478018,1.774303,-55.692773
1.775461,-42.488587,1.775461,-55.700174
1.776618,-42.500512,1.776618,-55.707940
1.777776,-42.515176,1.777776,-55.730056
1.778933,-42.523393,1.778933,-55.735157
1.780090,-42.524473,1.780090,-55.730468
1.781248,-42.537257,1.781248,-55.730132
1.782405,-42.541300,1.782405,-55.734098
1.783563,-42.545343,1.783563,-55.738064
1.784720,-42.549386,1.784720,-55.742030
1.785877,-42.553429,1.785877,-55.745996
1.787035,-42.557472,1.787035,-55.749962
1.788192,-42.561515,1.788192,-55.753928
1.789350,-42.565558,1.789350,-55.757895
1.790507,-42.569601,1.790507,-55.761861
1.791665,-42.573644,1.791665,-55.765827
1.792822,-42.577687,1.792822,-55.769793
1.793979,-42.581730,1.793979,-55.773759
1.795137,-42.585773,1.795137,-55.777725
1.796294,-42.589816,1.796294,-55.781691
1.797452,-42.593859,1.797452,-55.785657
1.798609,-42.597902,1.798609,-55.789623
1.799766,-42.601945,1.799766,-55.793589
1.800924,-42.605988,1.800924,-55.797555
1.802081,-42.610031,1.802081,-55.801521
1.803239,-42.614074,1.803239,-55.805487
1.804396,-42.618117,1.804396,-55.809453
1.805553,-42.622160,1.805553,-55.813419
1.806711,-42.626203,1.806711,-55.817385
1.807868,-42.630246,1.807868,-55.821352
1.809026,-42.634289,1.809026,-55.825318
1.810183,-42.638332,1.810183,-55.829284
1.811340,-42.642375,1.811340,-55.833250
1.812498,-42.646418,1.812498,-55.837216
1.813655,-42.650461,1.813655,-55.841182
1.814813,-42.654504,1.814813,-55.845148
1.815970,-42.658547,1.815970,-55.849114
1.817127,-42.662590,1.817127,-55.853080
1.818285,-42.666633,1.818285,-55.857046
1.819442,-42.670676,1.819442,-55.861012
1.820600,-42.674719,1.820600,-55.864978
1.821757,-42.678762,1.821757,-55.868944
1.822914,-42.682805,1.822914,-55.872910
1.824072,-42.686848,1.824072,-55.876876
1.825229,-42.690891,1.825229,-55.880842
1.826387,-42.694933,1.826387,-55.884808
1.827544,-42.698976,1.827544,-55.888775
1.828702,-42.703019,1.828702,-55.892741
1.829859,-42.707062,1.829859,-55.896707
1.831016,-42.711105,1.831016,-55.900673
1.832174,-42.715148,1.832174,-55.904639
1.833331,-42.719191,1.833331,-55.908605
1.834489,-42.723234,1.834489,-55.912571
1.835646,-42.727277,1.835646,-55.916537
1.836803,-42.731320,1.836803,-55.920503
1.837961,-42.735363,1.837961,-55.924469
1.839118,-42.739406,1.839118,-55.928435
1.840276,-42.743449,1.840276,-55.932401
1.841433,-42.747492,1.841433,-55.936367
1.842590,-42.751535,1.842590,-55.940333
1.843748,-42.755578,1.843748,-55.944299
1.844905,-42.759621,1.844905,-55.948265
1.846063,-42.763664,1.846063,-55.952231
1.847220,-42.767707,1.847220,-55.956198
1.848377,-42.771750,1.848377,-55.960164
